,country_region,market_center_details,products,hours
0,United States,https://www.interactivebrokers.com/en/index.php?f=2222&exch=arcaedge&showcategories=STK,Stocks (OTCBB),Monday - Friday: 8:00-16:00
1,United States,https://www.interactivebrokers.com/en/index.php?f=2222&exch=byx&showcategories=STK,Stocks,8:00 - 17:00 ET
2,United States,https://www.interactivebrokers.com/en/index.php?f=2222&exch=bats&showcategories=STK,Stocks,Monday - Friday: 9:30-20:00
3,United States,https://www.interactivebrokers.com/en/index.php?f=2222&exch=chx&showcategories=STK,Stocks,Monday - Friday: 6:00-19:00
4,United States,https://www.interactivebrokers.com/en/index.php?f=2222&exch=drctedge&showcategories=STK,Stocks,Monday - Friday: 930 - 1600
5,United States,https://www.interactivebrokers.com/en/index.php?f=2222&exch=edgea&showcategories=STK,Stocks,Monday - Friday: 930 - 1600
6,United States,https://www.interactivebrokers.com/en/index.php?f=2222&exch=vwap&showcategories=STK,Stocks (VWAPs),0:00 - 15:00 ET
7,United States,https://www.interactivebrokers.com/en/index.php?f=2222&exch=iex&showcategories=STK,Stocks,Monday - Friday: 9:30-16:00
8,United States,https://www.interactivebrokers.com/en/index.php?f=2222&exch=nite&showcategories=STK,Stocks (OTCBB),Monday - Friday: 9:30-16:00
9,United States,https://www.interactivebrokers.com/en/index.php?f=2222&exch=ltse&showcategories=STK,Stocks,9:30 - 4:00 ET
10,United States,https://www.interactivebrokers.com/en/index.php?f=2222&exch=memx&showcategories=STK,Stocks,9:30 - 4:00 ET
11,United States,https://www.interactivebrokers.com/en/index.php?f=2222&exch=pearl&showcategories=STK,Stocks,9:30 - 16:00 ET
12,United States,https://www.interactivebrokers.com/en/index.php?f=2222&exch=nasdaq&showcategories=STK,Stocks,Monday - Friday: 9:30-16:00
13,United States,https://www.interactivebrokers.com/en/index.php?f=2222&exch=bex&showcategories=STK,Stocks,9:30-16:00 ET
14,United States,https://www.interactivebrokers.com/en/index.php?f=2222&exch=psx&showcategories=STK,Stocks,9:30-16:00 ET
15,United States,https://www.interactivebrokers.com/en/index.php?f=2222&exch=island&showcategories=STK,Stocks,Monday - Friday: 4:00-20:00
16,United States,https://www.interactivebrokers.com/en/index.php?f=2222&exch=nyse&showcategories=STK,Stocks,Monday - Friday: 9:30-16:00
17,United States,https://www.interactivebrokers.com/en/index.php?f=2222&exch=amex&showcategories=STK,Stocks,Monday - Friday: 7:00-20:00
18,United States,https://www.interactivebrokers.com/en/index.php?f=2222&exch=arca&showcategories=STK,Stocks,Monday - Friday: 4:00-20:00
19,United States,https://www.interactivebrokers.com/en/index.php?f=2222&exch=nysenat&showcategories=STK,Stocks,Monday - Friday: 9:30-16:00 EST
20,United States,https://www.interactivebrokers.com/en/index.php?f=2222&exch=pink&showcategories=STK,Stocks (OTC Bulletin Board),Monday - Friday: 9:30-16:00
21,Canada,https://www.interactivebrokers.com/en/index.php?f=2222&exch=alpha&showcategories=STK,Stocks,Monday - Friday: 8:00-17:00
22,Canada,https://www.interactivebrokers.com/en/index.php?f=2222&exch=chix_ca&showcategories=STK,Stocks,Monday - Friday: 930 - 1600
23,Canada,https://www.interactivebrokers.com/en/index.php?f=2222&exch=omega&showcategories=STK,Stocks,Monday - Friday: 800 - 1700
24,Canada,https://www.interactivebrokers.com/en/index.php?f=2222&exch=tse&showcategories=STK,Stocks,9:30 - 16:00 ET
25,Canada,https://www.interactivebrokers.com/en/index.php?f=2222&exch=venture&showcategories=STK,Stocks,Monday - Friday: 16:15-17:00
26,Mexico,https://www.interactivebrokers.com/en/index.php?f=2222&exch=mexi&showcategories=STK,Stocks,Monday - Friday: 8:30-15:00
0,Austria,https://www.interactivebrokers.com/en/index.php?f=2222&exch=vse&showcategories=STK,Stocks,Monday - Friday: 9:00-17:45
1,Belgium,https://www.interactivebrokers.com/en/index.php?f=2222&exch=bateen-be&showcategories=STK,Stocks,Monday - Friday: 800 - 1630
2,Belgium,https://www.interactivebrokers.com/en/index.php?f=2222&exch=chixen-be&showcategories=STK,Stocks,Monday - Friday: 800 - 1630
3,Belgium,https://www.interactivebrokers.com/en/index.php?f=2222&exch=enext.be&showcategories=STK,Stocks,Monday - Friday: 9:00-17:40
4,Belgium,https://www.interactivebrokers.com/en/index.php?f=2222&exch=trqx-be&showcategories=STK,Stocks,Monday - Friday: 800 - 1630
5,Estonia,https://www.interactivebrokers.com/en/index.php?f=2222&exch=n.tallinn&showcategories=STK,Stocks,Monday - Friday: 10:00-16:00
6,France,https://www.interactivebrokers.com/en/index.php?f=2222&exch=bateen-fr&showcategories=STK,Stocks,Monday - Friday: 800 - 1630
7,France,https://www.interactivebrokers.com/en/index.php?f=2222&exch=chixen-fr&showcategories=STK,Stocks,Monday - Friday: 800 - 1630
8,France,https://www.interactivebrokers.com/en/index.php?f=2222&exch=sbf&showcategories=STK,Stocks,Monday - Friday: 9:00-17:40
9,France,https://www.interactivebrokers.com/en/index.php?f=2222&exch=trqx-fr&showcategories=STK,Stocks,Monday - Friday: 800 - 1630
10,Germany,https://www.interactivebrokers.com/en/index.php?f=2222&exch=batede&showcategories=STK,Stocks,Monday - Friday: 8:00-16:30
11,Germany,https://www.interactivebrokers.com/en/index.php?f=2222&exch=dxede&showcategories=STK,Stocks,Monday - Friday: 800 - 1630
12,Germany,https://www.interactivebrokers.com/en/index.php?f=2222&exch=chixde&showcategories=STK,Stocks,Monday - Friday: 9:00-17:30
13,Germany,https://www.interactivebrokers.com/en/index.php?f=2222&exch=fwb&showcategories=STK,Stocks,Monday - Friday: 8:00-20:00
14,Germany,https://www.interactivebrokers.com/en/index.php?f=2222&exch=gettex&showcategories=STK,Stocks,Monday - Friday: 9:00-20:00
15,Germany,https://www.interactivebrokers.com/en/index.php?f=2222&exch=swb&showcategories=STK,Stocks,Monday - Friday: 8:00-22:00
16,Germany,https://www.interactivebrokers.com/en/index.php?f=2222&exch=tgate&showcategories=STK,Stocks,9:00 - 22:00 CET
17,Germany,https://www.interactivebrokers.com/en/index.php?f=2222&exch=trqxde&showcategories=STK,Stocks,Monday - Friday: 9:00-17:30
18,Germany,https://www.interactivebrokers.com/en/index.php?f=2222&exch=ibis&showcategories=STK,Stocks,Monday - Friday: 9:00-17:40
19,Hungary,https://www.interactivebrokers.com/en/index.php?f=2222&exch=bux&showcategories=STK,Stocks,9:00 - 17:00 CET
20,Italy,https://www.interactivebrokers.com/en/index.php?f=2222&exch=bvme&showcategories=STK,Stocks,Monday - Friday: 9:00-17:42
21,Latvia,https://www.interactivebrokers.com/en/index.php?f=2222&exch=n.riga&showcategories=STK,Stocks,Monday - Friday: 10:00-16:00
22,Lithuania,https://www.interactivebrokers.com/en/index.php?f=2222&exch=n.vilnius&showcategories=STK,Stocks,Monday - Friday: 10:00-16:00
23,Netherlands,https://www.interactivebrokers.com/en/index.php?f=2222&exch=bateen&showcategories=STK,Stocks,Monday - Friday: 8:00-16:30
24,Netherlands,https://www.interactivebrokers.com/en/index.php?f=2222&exch=chixen&showcategories=STK,Stocks,9:00 - 17:40 CET
25,Netherlands,https://www.interactivebrokers.com/en/index.php?f=2222&exch=aeb&showcategories=STK,Stocks,Monday - Friday: 9:00-17:40
26,Netherlands,https://www.interactivebrokers.com/en/index.php?f=2222&exch=trqxen&showcategories=STK,Stocks,Monday - Friday: 9:00-17:30
27,Norway,https://www.interactivebrokers.com/en/index.php?f=2222&exch=omxno&showcategories=STK,Stocks,Monday - Friday: 9:00-16:30
28,Poland,https://www.interactivebrokers.com/en/index.php?f=2222&exch=wse&showcategories=STK,Stocks,Monday - Friday: 11:00-17:05
29,Portugal,https://www.interactivebrokers.com/en/index.php?f=2222&exch=bvl&showcategories=STK,Stocks,Monday - Friday: 8:00-16:40
30,Russian Federation,https://www.interactivebrokers.com/en/index.php?f=2222&exch=moex&showcategories=STK,Stocks,Monday - Friday: 10:00-18:45
31,Spain,https://www.interactivebrokers.com/en/index.php?f=2222&exch=batees&showcategories=STK,Stocks,9:00  17:30 CET
32,Spain,https://www.interactivebrokers.com/en/index.php?f=2222&exch=bm&showcategories=STK,Stocks,Monday - Friday: 9:00-17:36
33,Spain,https://www.interactivebrokers.com/en/index.php?f=2222&exch=chixes&showcategories=STK,Stocks,9:00 - 17:40 CET
34,Sweden,https://www.interactivebrokers.com/en/index.php?f=2222&exch=sfb&showcategories=STK,Stocks,Monday - Friday: 9:00-17:30
35,Switzerland,https://www.interactivebrokers.com/en/index.php?f=2222&exch=batech&showcategories=STK,Stocks,Monday - Friday: 8:00-16:20
36,Switzerland,https://www.interactivebrokers.com/en/index.php?f=2222&exch=chixch&showcategories=STK,Stocks,Monday - Friday: 9:00-17:20
37,Switzerland,https://www.interactivebrokers.com/en/index.php?f=2222&exch=ebs&showcategories=STK,Stocks,Monday - Friday: 9:00-17:32
38,Switzerland,https://www.interactivebrokers.com/en/index.php?f=2222&exch=trqxch&showcategories=STK,Stocks,Monday - Friday: 9:00-17:30
39,Switzerland,https://www.interactivebrokers.com/en/index.php?f=2222&exch=virtx&showcategories=STK,Stocks,Monday - Friday: 9:00-17:40
40,United Kingdom,https://www.interactivebrokers.com/en/index.php?f=2222&exch=bateuk&showcategories=STK,Stocks,Monday - Friday: 8:00-16:30
41,United Kingdom,https://www.interactivebrokers.com/en/index.php?f=2222&exch=chixuk&showcategories=STK,Stocks,9:00 - 17:30 CET
42,United Kingdom,https://www.interactivebrokers.com/en/index.php?f=2222&exch=lse&showcategories=STK,Stocks,Monday - Friday: 8:00-16:50
43,United Kingdom,https://www.interactivebrokers.com/en/index.php?f=2222&exch=lseiob1&showcategories=STK,Stocks,Monday - Friday: 10:00-17:40
0,Australia,https://www.interactivebrokers.com/en/index.php?f=2222&exch=asx&showcategories=STK,Stocks,10:00 - 16:00 Sydney Time
1,Australia,https://www.interactivebrokers.com/en/index.php?f=2222&exch=chixau&showcategories=STK,Stocks,Monday - Friday: 10:00-16:11
2,Hong Kong,https://www.interactivebrokers.com/en/index.php?f=2222&exch=sehk&showcategories=STK,Stocks,9:30 - 12:00 HKT13:00 - 16:00 HKT
3,Hong Kong,https://www.interactivebrokers.com/en/index.php?f=2222&exch=sehkntl&showcategories=STK,Stocks,Morning: 09:30 - 11:30 HKTAfternoon: 13:00 - 15:00 HKT
4,Hong Kong,https://www.interactivebrokers.com/en/index.php?f=2222&exch=sehkstar&showcategories=STK,Stocks,Morning: 09:15 - 11:30 HKTAfternoon: 13:00 - 15:00 HKT
5,Hong Kong,https://www.interactivebrokers.com/en/index.php?f=2222&exch=sehkszse&showcategories=STK,Stocks,Morning: 09:30 - 11:30 HKTAfternoon: 13:00 - 15:00 HKT
6,India,https://www.interactivebrokers.com/en/index.php?f=2222&exch=nse&showcategories=STK,Stocks,Monday - Friday: 9:15-15:30
7,Japan,https://www.interactivebrokers.com/en/index.php?f=2222&exch=chixj&showcategories=STK,Stocks,Monday - Friday: 8:00-16:00
8,Japan,https://www.interactivebrokers.com/en/index.php?f=2222&exch=jpnnext&showcategories=STK,Stocks,Monday - Friday: 16:30-23:59
9,Japan,https://www.interactivebrokers.com/en/index.php?f=2222&exch=tsej&showcategories=STK,Stocks,STK: 9:00-11:30/12:30-15:00 JST
10,Singapore,https://www.interactivebrokers.com/en/index.php?f=2222&exch=sgx&showcategories=STK,Stocks,Securities 9:00 - 17:00 SGT
0,United States,https://www.interactivebrokers.com/en/index.php?f=2222&exch=edgx&showcategories=OPTGRP,Options,Monday - Friday: 7:00-20:00
1,United States,https://www.interactivebrokers.com/en/index.php?f=2222&exch=bats&showcategories=OPTGRP,Options,Monday - Friday: 9:30-20:00
2,United States,https://www.interactivebrokers.com/en/index.php?f=2222&exch=box&showcategories=OPTGRP,Options (Equity),9:30 - 16:00 ET
3,United States,https://www.interactivebrokers.com/en/index.php?f=2222&exch=cboe2&showcategories=OPTGRP,Options (Equity),Monday - Friday: 8:30-15:00
4,United States,https://www.interactivebrokers.com/en/index.php?f=2222&exch=cboe&showcategories=OPTGRP,Options,Monday - Friday: 8:30-15:15
5,United States,https://www.interactivebrokers.com/en/index.php?f=2222&exch=gemini&showcategories=OPTGRP,Options,9:30 - 16:00 ET
6,United States,https://www.interactivebrokers.com/en/index.php?f=2222&exch=mercury&showcategories=OPTGRP,Options,9:30 - 16:00 ET
7,United States,https://www.interactivebrokers.com/en/index.php?f=2222&exch=iseopt&showcategories=OPTGRP,"Options (Equity, Equity Index, Currency)",9:30 - 16:00 ET
8,United States,https://www.interactivebrokers.com/en/index.php?f=2222&exch=emerald&showcategories=OPTGRP,Options,9:30 - 16:00 ET
9,United States,https://www.interactivebrokers.com/en/index.php?f=2222&exch=miax&showcategories=OPTGRP,Options,Monday - Friday: 9:30-16:00
10,United States,https://www.interactivebrokers.com/en/index.php?f=2222&exch=pearl&showcategories=OPTGRP,Options,9:30 - 16:00 ET
11,United States,https://www.interactivebrokers.com/en/index.php?f=2222&exch=nasdaqom&showcategories=OPTGRP,Options (Equity),9:30 - 16:00 ET
12,United States,https://www.interactivebrokers.com/en/index.php?f=2222&exch=nasdaqbx&showcategories=OPTGRP,Options,9:30 - 16:00 ET
13,United States,https://www.interactivebrokers.com/en/index.php?f=2222&exch=amex&showcategories=OPTGRP,"Options (Equity, Equity Index)",Monday - Friday: 7:00-20:00
14,United States,https://www.interactivebrokers.com/en/index.php?f=2222&exch=pse&showcategories=OPTGRP,"Options (Equity, Equity Index)",Monday - Friday: 6:30-13:00
15,United States,https://www.interactivebrokers.com/en/index.php?f=2222&exch=phlx&showcategories=OPTGRP,"Options (Equity, Equity Index)",Monday - Friday: 9:30-16:00
16,Canada,https://www.interactivebrokers.com/en/index.php?f=2222&exch=cde&showcategories=OPTGRP,"Options (Equity, Equity Index)",Monday - Friday: 9:30-16:30
17,Mexico,https://www.interactivebrokers.com/en/index.php?f=2222&exch=mexder&showcategories=OPTGRP,Options (Equity),Monday - Friday: 7:30-14:00
0,Belgium,https://www.interactivebrokers.com/en/index.php?f=2222&exch=belfox&showcategories=OPTGRP,Options (Equity Index),Monday - Friday: 9:00-17:35
1,France,https://www.interactivebrokers.com/en/index.php?f=2222&exch=monep&showcategories=OPTGRP,"Options (Equity, Equity Index)",Options: 9:00 - 17:30 CETFutures: 8:00 - 22:00 CET
2,Germany,https://www.interactivebrokers.com/en/index.php?f=2222&exch=dtb&showcategories=OPTGRP,"Options (Equity, Equity Index)",Monday - Friday: 9:00-22:05
3,Italy,https://www.interactivebrokers.com/en/index.php?f=2222&exch=idem&showcategories=OPTGRP,"Options (Equity, Equity Index)",Monday - Friday: 9:00-17:50
4,Netherlands,https://www.interactivebrokers.com/en/index.php?f=2222&exch=fta&showcategories=OPTGRP,"Options (Equity, Equity Index, Currency)",Monday - Friday: 9:00-22:00
5,Spain,https://www.interactivebrokers.com/en/index.php?f=2222&exch=meffrv&showcategories=OPTGRP,"Options (Equity Index, Equity)",Monday - Friday: 8:00-17:35
6,Sweden,https://www.interactivebrokers.com/en/index.php?f=2222&exch=oms&showcategories=OPTGRP,Options (Equity),Monday - Friday: 9:00-17:25
7,Switzerland,https://www.interactivebrokers.com/en/index.php?f=2222&exch=soffex&showcategories=OPTGRP,"Options (Equity, Equity Index)",Monday - Friday: 8:30-17:20
8,United Kingdom,https://www.interactivebrokers.com/en/index.php?f=2222&exch=iceeu&showcategories=OPTGRP,"Options (Equity, Equity Index)",Monday - Friday: 8:00-18:00
0,Australia,https://www.interactivebrokers.com/en/index.php?f=2222&exch=asx&showcategories=OPTGRP,"Options (Equity, Equity Index)",10:00 - 16:00 Sydney Time
1,Hong Kong,https://www.interactivebrokers.com/en/index.php?f=2222&exch=hkfe&showcategories=OPTGRP,Options (Equity Index),09:00- 16:00 HKT. Derivatives trading hours vary.
2,Hong Kong,https://www.interactivebrokers.com/en/index.php?f=2222&exch=sehk&showcategories=OPTGRP,Options (Stock Options),9:30 - 12:00 HKT13:00 - 16:00 HKT
3,India,https://www.interactivebrokers.com/en/index.php?f=2222&exch=nse&showcategories=OPTGRP,"Options (Equity, Equity Index)",Monday - Friday: 9:15-15:30
4,Japan,https://www.interactivebrokers.com/en/index.php?f=2222&exch=ose.jpn&showcategories=OPTGRP,"Options (Equity, Equity Index)",Index FUT: 08:45-15:10 JSTNikkei VI FUT: 09:00-15:10 JSTIndex OPT: 09:00-15:10/16:30-5:30 JSTEquity OPT: 09:00-11:30/12:30-15:10 JSTSTK: 09:00-11:30/12:30-15:00 JST
5,Singapore,https://www.interactivebrokers.com/en/index.php?f=2222&exch=sgx&showcategories=OPTGRP,Options (Equity Index),Securities 9:00 - 17:00 SGT
6,South Korea,https://www.interactivebrokers.com/en/index.php?f=2222&exch=kse&showcategories=OPTGRP,Options (Equity Index),Monday - Friday: 9:00-15:45
0,United States,https://www.interactivebrokers.com/en/index.php?f=2222&exch=cfe&showcategories=FUTGRP,"Futures (Equity Index, Volatility Index)",9:30 - 16:15 ET
1,United States,https://www.interactivebrokers.com/en/index.php?f=2222&exch=ecbot&showcategories=FUTGRP,"Futures (Agriculture, Equity Index, Fixed Income)",Monday - Sunday: 19:00-23:59
2,United States,https://www.interactivebrokers.com/en/index.php?f=2222&exch=globex&showcategories=FUTGRP,"Futures (Equity Index, Fixed Income, Agriculture, Currency, Energy)",Sunday - Friday: 1700 - 1600
3,United States,https://www.interactivebrokers.com/en/index.php?f=2222&exch=cmecrypto&showcategories=FUTGRP,Futures,Sunday - Thursday: 17:00-23:59
4,United States,https://www.interactivebrokers.com/en/index.php?f=2222&exch=icecrypto&showcategories=FUTGRP,Futures (Bakkt Bitcoin futures),Sunday - Thursday: 20:00-23:59
5,United States,https://www.interactivebrokers.com/en/index.php?f=2222&exch=nybot&showcategories=FUTGRP,"Futures (Agriculture, Equity Index)",1:30 - 15:15 - Via ICE
6,United States,https://www.interactivebrokers.com/en/index.php?f=2222&exch=iceus&showcategories=FUTGRP,Futures,8:00 - 16:00 ET
7,United States,https://www.interactivebrokers.com/en/index.php?f=2222&exch=nymex&showcategories=FUTGRP,"Futures (Energy, Metals, Soft Commodities)",Sunday 18:00 - Friday 17:15 ET
8,United States,https://www.interactivebrokers.com/en/index.php?f=2222&exch=nyseliffe&showcategories=FUTGRP,"Futures (Equity Index, Metals)",19:16-17:00 Sunday-Friday ET19:18-17 Sunday-Friday ET - Gold and Silver options only
9,United States,https://www.interactivebrokers.com/en/index.php?f=2222&exch=smfe&showcategories=FUTGRP,Futures,Monday - Friday: 7:00-16:00
10,Canada,https://www.interactivebrokers.com/en/index.php?f=2222&exch=cde&showcategories=FUTGRP,"Futures (Equity Index, Fixed Income)",Monday - Friday: 9:30-16:30
11,Mexico,https://www.interactivebrokers.com/en/index.php?f=2222&exch=mexder&showcategories=FUTGRP,"Futures (Interest Rate, Single Stock, Currency, Equity Index)",Monday - Friday: 7:30-14:00
0,Belgium,https://www.interactivebrokers.com/en/index.php?f=2222&exch=belfox&showcategories=FUTGRP,Futures (Equity Index),Monday - Friday: 9:00-17:35
1,France,https://www.interactivebrokers.com/en/index.php?f=2222&exch=matif&showcategories=FUTGRP,Futures (Agriculture),Monday - Friday: 10:45-18:30
2,France,https://www.interactivebrokers.com/en/index.php?f=2222&exch=monep&showcategories=FUTGRP,Futures (Equity Index),Options: 9:00 - 17:30 CETFutures: 8:00 - 22:00 CET
3,Germany,https://www.interactivebrokers.com/en/index.php?f=2222&exch=dtb&showcategories=FUTGRP,"Futures (Equity Index, Fixed Income, Single Stock)",Monday - Friday: 9:00-22:05
4,Italy,https://www.interactivebrokers.com/en/index.php?f=2222&exch=idem&showcategories=FUTGRP,"Futures (Equity Index, Single Stock)",Monday - Friday: 9:00-17:50
5,Netherlands,https://www.interactivebrokers.com/en/index.php?f=2222&exch=fta&showcategories=FUTGRP,"Futures (Equity Index, Currency)",Monday - Friday: 9:00-22:00
6,Netherlands,https://www.interactivebrokers.com/en/index.php?f=2222&exch=endex&showcategories=FUTGRP,Futures,Monday - Friday: 800 - 1630
7,Spain,https://www.interactivebrokers.com/en/index.php?f=2222&exch=meffrv&showcategories=FUTGRP,"Futures (Equity Index, Single Stock)",Monday - Friday: 8:00-17:35
8,Sweden,https://www.interactivebrokers.com/en/index.php?f=2222&exch=oms&showcategories=FUTGRP,Futures (Equity Index),Monday - Friday: 9:00-17:25
9,Switzerland,https://www.interactivebrokers.com/en/index.php?f=2222&exch=soffex&showcategories=FUTGRP,"Futures (Equity Index, Single Stock)",Monday - Friday: 8:30-17:20
10,United Kingdom,https://www.interactivebrokers.com/en/index.php?f=2222&exch=ipe&showcategories=FUTGRP,Futures (Energy),Monday - Sunday: 1:00-23:00
11,United Kingdom,https://www.interactivebrokers.com/en/index.php?f=2222&exch=iceeu&showcategories=FUTGRP,"Futures (Equity Index, Fixed Income, Single Stock)",Monday - Friday: 8:00-18:00
12,United Kingdom,https://www.interactivebrokers.com/en/index.php?f=2222&exch=iceeusoft&showcategories=FUTGRP,Futures (Commodities),Monday - Friday: 8:45-18:00
13,United Kingdom,https://www.interactivebrokers.com/en/index.php?f=2222&exch=lmeotc&showcategories=FUTGRP,Futures,Monday - Friday: 1:00-19:00
0,Australia,https://www.interactivebrokers.com/en/index.php?f=2222&exch=snfe&showcategories=FUTGRP,"Futures (Interest Rate, Equity Index)","Day and night trading sessions for access almost 24 hours a day:5.10pm to 7.00am and 9.50am to 4.30pm  (Sydney time, when US daylight saving time)5.10pm to 8.00am and 9.50am to 4.30pm (Sydney time, when US non-daylight saving time)"
1,Hong Kong,https://www.interactivebrokers.com/en/index.php?f=2222&exch=hkfe&showcategories=FUTGRP,"Futures (Equity Index, Single Stock)",09:00- 16:00 HKT. Derivatives trading hours vary.
2,India,https://www.interactivebrokers.com/en/index.php?f=2222&exch=nse&showcategories=FUTGRP,"Futures (Currency, Equity Index, Single Stock)",Monday - Friday: 9:15-15:30
3,Japan,https://www.interactivebrokers.com/en/index.php?f=2222&exch=ose.jpn&showcategories=FUTGRP,"Futures (Equity Index, Fixed Income)",Index FUT: 08:45-15:10 JSTNikkei VI FUT: 09:00-15:10 JSTIndex OPT: 09:00-15:10/16:30-5:30 JSTEquity OPT: 09:00-11:30/12:30-15:10 JSTSTK: 09:00-11:30/12:30-15:00 JST
4,Singapore,https://www.interactivebrokers.com/en/index.php?f=2222&exch=sgx&showcategories=FUTGRP,"Futures (Currency, Equity Index, Metals, Rubber, Single Stock, Bond)",Securities 9:00 - 17:00 SGT
5,South Korea,https://www.interactivebrokers.com/en/index.php?f=2222&exch=kse&showcategories=FUTGRP,"Futures (Equity Index, Single Stock)",Monday - Friday: 9:00-15:45
0,United States,https://www.interactivebrokers.com/en/index.php?f=2222&exch=ecbot&showcategories=OPTGRP,"Futures Options (Agriculture, Equity Index, Fixed Income)",Monday - Sunday: 19:00-23:59
1,United States,https://www.interactivebrokers.com/en/index.php?f=2222&exch=globex&showcategories=OPTGRP,"Futures Options (Currency, Equity Index)",Sunday - Friday: 1700 - 1600
2,United States,https://www.interactivebrokers.com/en/index.php?f=2222&exch=cmecrypto&showcategories=OPTGRP,Futures Options,Sunday - Thursday: 17:00-23:59
3,United States,https://www.interactivebrokers.com/en/index.php?f=2222&exch=nybot&showcategories=OPTGRP,"Futures Options (Agriculture, Equity Index)",1:30 - 15:15 - Via ICE
4,United States,https://www.interactivebrokers.com/en/index.php?f=2222&exch=nymex&showcategories=OPTGRP,"Futures Options (Energy, Metals)",Sunday 18:00 - Friday 17:15 ET
5,United States,https://www.interactivebrokers.com/en/index.php?f=2222&exch=nyseliffe&showcategories=OPTGRP,Futures Options (Metals),19:16-17:00 Sunday-Friday ET19:18-17 Sunday-Friday ET - Gold and Silver options only
6,Mexico,https://www.interactivebrokers.com/en/index.php?f=2222&exch=mexder&showcategories=OPTGRP,Futures Options (Equity Index),Monday - Friday: 7:30-14:00
0,Germany,https://www.interactivebrokers.com/en/index.php?f=2222&exch=dtb&showcategories=OPTGRP,Futures Options (Fixed Income),Monday - Friday: 9:00-22:05
1,United Kingdom,https://www.interactivebrokers.com/en/index.php?f=2222&exch=iceeu&showcategories=OPTGRP,Futures Options (Fixed Income),Monday - Friday: 8:00-18:00
0,Australia,https://www.interactivebrokers.com/en/index.php?f=2222&exch=snfe&showcategories=OPTGRP,Futures Options (Equity Index),"Day and night trading sessions for access almost 24 hours a day:5.10pm to 7.00am and 9.50am to 4.30pm  (Sydney time, when US daylight saving time)5.10pm to 8.00am and 9.50am to 4.30pm (Sydney time, when US non-daylight saving time)"
1,Japan,https://www.interactivebrokers.com/en/index.php?f=2222&exch=ose.jpn&showcategories=OPTGRP,Futures Options (Fixed Income),Index FUT: 08:45-15:10 JSTNikkei VI FUT: 09:00-15:10 JSTIndex OPT: 09:00-15:10/16:30-5:30 JSTEquity OPT: 09:00-11:30/12:30-15:10 JSTSTK: 09:00-11:30/12:30-15:00 JST
2,Singapore,https://www.interactivebrokers.com/en/index.php?f=2222&exch=sgx&showcategories=OPTGRP,Futures Options (Equity Index),Securities 9:00 - 17:00 SGT
0,United States,https://www.interactivebrokers.com/en/index.php?f=567&exch=chx,ETFs,Monday - Friday: 6:00-19:00
1,United States,https://www.interactivebrokers.com/en/index.php?f=567&exch=bex,ETFs,9:30-16:00 ET
2,United States,https://www.interactivebrokers.com/en/index.php?f=567&exch=amex,ETFs,Monday - Friday: 7:00-20:00
3,United States,https://www.interactivebrokers.com/en/index.php?f=567&exch=arca,ETFs,Monday - Friday: 4:00-20:00
4,Canada,https://www.interactivebrokers.com/en/index.php?f=567&exch=chix_ca,ETFs,Monday - Friday: 930 - 1600
5,Canada,https://www.interactivebrokers.com/en/index.php?f=567&exch=omega,ETFs,Monday - Friday: 800 - 1700
6,Canada,https://www.interactivebrokers.com/en/index.php?f=567&exch=tse,ETFs,9:30 - 16:00 ET
7,Mexico,https://www.interactivebrokers.com/en/index.php?f=567&exch=mexi,ETFs,Monday - Friday: 8:30-15:00
0,France,https://www.interactivebrokers.com/en/index.php?f=567&exch=sbf,ETFs,Monday - Friday: 9:00-17:40
1,Germany,https://www.interactivebrokers.com/en/index.php?f=567&exch=chixde,ETFs,Monday - Friday: 9:00-17:30
2,Germany,https://www.interactivebrokers.com/en/index.php?f=567&exch=fwb,ETFs,Monday - Friday: 8:00-20:00
3,Germany,https://www.interactivebrokers.com/en/index.php?f=567&exch=swb,ETFs,Monday - Friday: 8:00-22:00
4,Germany,https://www.interactivebrokers.com/en/index.php?f=567&exch=ibis,ETFs,Monday - Friday: 9:00-17:40
5,Italy,https://www.interactivebrokers.com/en/index.php?f=567&exch=bvme.etf,ETFs,Monday - Friday: 9:04-17:42
6,Netherlands,https://www.interactivebrokers.com/en/index.php?f=567&exch=chixen,ETFs,9:00 - 17:40 CET
7,Netherlands,https://www.interactivebrokers.com/en/index.php?f=567&exch=aeb,ETFs,Monday - Friday: 9:00-17:40
8,Spain,https://www.interactivebrokers.com/en/index.php?f=567&exch=bm,ETFs,Monday - Friday: 9:00-17:36
9,Sweden,https://www.interactivebrokers.com/en/index.php?f=567&exch=sfb,ETFs,Monday - Friday: 9:00-17:30
10,Switzerland,https://www.interactivebrokers.com/en/index.php?f=567&exch=ebs,ETFs,Monday - Friday: 9:00-17:32
11,United Kingdom,https://www.interactivebrokers.com/en/index.php?f=567&exch=chixuk,ETFs,9:00 - 17:30 CET
12,United Kingdom,https://www.interactivebrokers.com/en/index.php?f=567&exch=lse,ETFs,Monday - Friday: 8:00-16:50
13,United Kingdom,https://www.interactivebrokers.com/en/index.php?f=567&exch=lseetf,ETFs,Monday - Friday: 9:00-17:50
0,Australia,https://www.interactivebrokers.com/en/index.php?f=567&exch=asx,ETFs,10:00 - 16:00 Sydney Time
1,Australia,https://www.interactivebrokers.com/en/index.php?f=567&exch=chixau,ETFs,Monday - Friday: 10:00-16:11
2,Hong Kong,https://www.interactivebrokers.com/en/index.php?f=567&exch=hkfe,ETFs,09:00- 16:00 HKT. Derivatives trading hours vary.
3,Hong Kong,https://www.interactivebrokers.com/en/index.php?f=567&exch=sehk,ETFs,9:30 - 12:00 HKT13:00 - 16:00 HKT
4,India,https://www.interactivebrokers.com/en/index.php?f=567&exch=nse,ETFs,Monday - Friday: 9:15-15:30
0,United States,https://www.interactivebrokers.com/en/index.php?f=2222&exch=arcaedge&showcategories=WAR,Warrants,Monday - Friday: 8:00-16:00
1,United States,https://www.interactivebrokers.com/en/index.php?f=2222&exch=byx&showcategories=WAR,Warrants,8:00 - 17:00 ET
2,United States,https://www.interactivebrokers.com/en/index.php?f=2222&exch=bats&showcategories=WAR,Warrants,Monday - Friday: 9:30-20:00
3,United States,https://www.interactivebrokers.com/en/index.php?f=2222&exch=chx&showcategories=WAR,Warrants,Monday - Friday: 6:00-19:00
4,United States,https://www.interactivebrokers.com/en/index.php?f=2222&exch=edgea&showcategories=WAR,Warrants,Monday - Friday: 930 - 1600
5,United States,https://www.interactivebrokers.com/en/index.php?f=2222&exch=iseopt&showcategories=WAR,Warrants,9:30 - 16:00 ET
6,United States,https://www.interactivebrokers.com/en/index.php?f=2222&exch=nite&showcategories=WAR,Warrants,Monday - Friday: 9:30-16:00
7,United States,https://www.interactivebrokers.com/en/index.php?f=2222&exch=ltse&showcategories=WAR,Warrants,9:30 - 4:00 ET
8,United States,https://www.interactivebrokers.com/en/index.php?f=2222&exch=memx&showcategories=WAR,Warrants,9:30 - 4:00 ET
9,United States,https://www.interactivebrokers.com/en/index.php?f=2222&exch=pearl&showcategories=WAR,Warrants,9:30 - 16:00 ET
10,United States,https://www.interactivebrokers.com/en/index.php?f=2222&exch=psx&showcategories=WAR,Warrants,9:30-16:00 ET
11,United States,https://www.interactivebrokers.com/en/index.php?f=2222&exch=island&showcategories=WAR,Warrants,Monday - Friday: 4:00-20:00
12,United States,https://www.interactivebrokers.com/en/index.php?f=2222&exch=nyse&showcategories=WAR,Warrants,Monday - Friday: 9:30-16:00
13,United States,https://www.interactivebrokers.com/en/index.php?f=2222&exch=amex&showcategories=WAR,Warrants,Monday - Friday: 7:00-20:00
14,United States,https://www.interactivebrokers.com/en/index.php?f=2222&exch=arca&showcategories=WAR,Warrants,Monday - Friday: 4:00-20:00
15,United States,https://www.interactivebrokers.com/en/index.php?f=2222&exch=nysenat&showcategories=WAR,Warrants,Monday - Friday: 9:30-16:00 EST
16,United States,https://www.interactivebrokers.com/en/index.php?f=2222&exch=pink&showcategories=WAR,Warrants,Monday - Friday: 9:30-16:00
17,Canada,https://www.interactivebrokers.com/en/index.php?f=2222&exch=venture&showcategories=WAR,Warrants,Monday - Friday: 16:15-17:00
0,France,https://www.interactivebrokers.com/en/index.php?f=2222&exch=sbf&showcategories=WAR,"Warrants (Index, Stock)",Monday - Friday: 9:00-17:40
1,Germany,https://www.interactivebrokers.com/en/index.php?f=2222&exch=fwb&showcategories=WAR,"Warrants (Stock, Index)",Monday - Friday: 8:00-20:00
2,Germany,https://www.interactivebrokers.com/en/index.php?f=2222&exch=gettex&showcategories=WAR,Warrants,Monday - Friday: 9:00-20:00
3,Germany,https://www.interactivebrokers.com/en/index.php?f=2222&exch=swb&showcategories=WAR,"Warrants (Index, Stock)",Monday - Friday: 8:00-22:00
4,Italy,https://www.interactivebrokers.com/en/index.php?f=2222&exch=bvme&showcategories=WAR,"Warrants (Index, Stock)",Monday - Friday: 9:00-17:42
5,Switzerland,https://www.interactivebrokers.com/en/index.php?f=2222&exch=ebs&showcategories=WAR,"Warrants (Index, Stock)",Monday - Friday: 9:00-17:32
0,Australia,https://www.interactivebrokers.com/en/index.php?f=2222&exch=asx&showcategories=WAR,Warrants,10:00 - 16:00 Sydney Time
1,Australia,https://www.interactivebrokers.com/en/index.php?f=2222&exch=chixau&showcategories=WAR,Warrants,Monday - Friday: 10:00-16:11
2,Hong Kong,https://www.interactivebrokers.com/en/index.php?f=2222&exch=hkfe&showcategories=WAR,Warrants,09:00- 16:00 HKT. Derivatives trading hours vary.
3,Hong Kong,https://www.interactivebrokers.com/en/index.php?f=2222&exch=sehk&showcategories=WAR,Warrants,9:30 - 12:00 HKT13:00 - 16:00 HKT
0,France,https://www.interactivebrokers.com/en/index.php?f=2222&exch=sbf&showcategories=IOPT,Structured Products (Turbos and Certificates),Monday - Friday: 9:00-17:40
1,Germany,https://www.interactivebrokers.com/en/index.php?f=2222&exch=fwb&showcategories=IOPT,Structured Products (Turbos and Certificates),Monday - Friday: 8:00-20:00
2,Germany,https://www.interactivebrokers.com/en/index.php?f=2222&exch=gettex&showcategories=IOPT,Structured Products (Turbos and Certificates),Monday - Friday: 9:00-20:00
3,Germany,https://www.interactivebrokers.com/en/index.php?f=2222&exch=swb&showcategories=IOPT,Structured Products (Turbos and Certificates),Monday - Friday: 8:00-22:00
4,Italy,https://www.interactivebrokers.com/en/index.php?f=2222&exch=bvme&showcategories=IOPT,Structured Products,Monday - Friday: 9:00-17:42
5,Netherlands,https://www.interactivebrokers.com/en/index.php?f=2222&exch=aeb&showcategories=IOPT,Structured Products (Turbos and Certificates),Monday - Friday: 9:00-17:40
0,United States,https://www.interactivebrokers.com/en/index.php?f=2222&exch=arcaedge&showcategories=STK,Stocks (OTCBB),Monday - Friday: 8:00-16:00
1,United States,https://www.interactivebrokers.com/en/index.php?f=2222&exch=byx&showcategories=STK,Stocks,8:00 - 17:00 ET
2,United States,https://www.interactivebrokers.com/en/index.php?f=2222&exch=bats&showcategories=STK,Stocks,Monday - Friday: 9:30-20:00
3,United States,https://www.interactivebrokers.com/en/index.php?f=2222&exch=chx&showcategories=STK,Stocks,Monday - Friday: 6:00-19:00
4,United States,https://www.interactivebrokers.com/en/index.php?f=2222&exch=drctedge&showcategories=STK,Stocks,Monday - Friday: 930 - 1600
5,United States,https://www.interactivebrokers.com/en/index.php?f=2222&exch=edgea&showcategories=STK,Stocks,Monday - Friday: 930 - 1600
6,United States,https://www.interactivebrokers.com/en/index.php?f=2222&exch=vwap&showcategories=STK,Stocks (VWAPs),0:00 - 15:00 ET
7,United States,https://www.interactivebrokers.com/en/index.php?f=2222&exch=iex&showcategories=STK,Stocks,Monday - Friday: 9:30-16:00
8,United States,https://www.interactivebrokers.com/en/index.php?f=2222&exch=nite&showcategories=STK,Stocks (OTCBB),Monday - Friday: 9:30-16:00
9,United States,https://www.interactivebrokers.com/en/index.php?f=2222&exch=ltse&showcategories=STK,Stocks,9:30 - 4:00 ET
10,United States,https://www.interactivebrokers.com/en/index.php?f=2222&exch=memx&showcategories=STK,Stocks,9:30 - 4:00 ET
11,United States,https://www.interactivebrokers.com/en/index.php?f=2222&exch=pearl&showcategories=STK,Stocks,9:30 - 16:00 ET
12,United States,https://www.interactivebrokers.com/en/index.php?f=2222&exch=nasdaq&showcategories=STK,Stocks,Monday - Friday: 9:30-16:00
13,United States,https://www.interactivebrokers.com/en/index.php?f=2222&exch=bex&showcategories=STK,Stocks,9:30-16:00 ET
14,United States,https://www.interactivebrokers.com/en/index.php?f=2222&exch=psx&showcategories=STK,Stocks,9:30-16:00 ET
15,United States,https://www.interactivebrokers.com/en/index.php?f=2222&exch=island&showcategories=STK,Stocks,Monday - Friday: 4:00-20:00
16,United States,https://www.interactivebrokers.com/en/index.php?f=2222&exch=nyse&showcategories=STK,Stocks,Monday - Friday: 9:30-16:00
17,United States,https://www.interactivebrokers.com/en/index.php?f=2222&exch=amex&showcategories=STK,Stocks,Monday - Friday: 7:00-20:00
18,United States,https://www.interactivebrokers.com/en/index.php?f=2222&exch=arca&showcategories=STK,Stocks,Monday - Friday: 4:00-20:00
19,United States,https://www.interactivebrokers.com/en/index.php?f=2222&exch=nysenat&showcategories=STK,Stocks,Monday - Friday: 9:30-16:00 EST
20,United States,https://www.interactivebrokers.com/en/index.php?f=2222&exch=pink&showcategories=STK,Stocks (OTC Bulletin Board),Monday - Friday: 9:30-16:00
21,Canada,https://www.interactivebrokers.com/en/index.php?f=2222&exch=alpha&showcategories=STK,Stocks,Monday - Friday: 8:00-17:00
22,Canada,https://www.interactivebrokers.com/en/index.php?f=2222&exch=chix_ca&showcategories=STK,Stocks,Monday - Friday: 930 - 1600
23,Canada,https://www.interactivebrokers.com/en/index.php?f=2222&exch=omega&showcategories=STK,Stocks,Monday - Friday: 800 - 1700
24,Canada,https://www.interactivebrokers.com/en/index.php?f=2222&exch=tse&showcategories=STK,Stocks,9:30 - 16:00 ET
25,Canada,https://www.interactivebrokers.com/en/index.php?f=2222&exch=venture&showcategories=STK,Stocks,Monday - Friday: 16:15-17:00
26,Mexico,https://www.interactivebrokers.com/en/index.php?f=2222&exch=mexi&showcategories=STK,Stocks,Monday - Friday: 8:30-15:00
0,Mexico,https://www.interactivebrokers.com/en/index.php?f=2222&exch=mexder&showcategories=SSF,Futures (Single Stock),Monday - Friday: 7:30-14:00
0,Germany,https://www.interactivebrokers.com/en/index.php?f=2222&exch=dtb&showcategories=SSF,Futures (Single Stock),Monday - Friday: 9:00-22:05
1,Italy,https://www.interactivebrokers.com/en/index.php?f=2222&exch=idem&showcategories=SSF,Futures (Single Stock),Monday - Friday: 9:00-17:50
2,Spain,https://www.interactivebrokers.com/en/index.php?f=2222&exch=meffrv&showcategories=SSF,Futures (Single Stock),Monday - Friday: 8:00-17:35
3,Switzerland,https://www.interactivebrokers.com/en/index.php?f=2222&exch=soffex&showcategories=SSF,Futures (Single Stock),Monday - Friday: 8:30-17:20
4,United Kingdom,https://www.interactivebrokers.com/en/index.php?f=2222&exch=iceeu&showcategories=SSF,Futures (Single Stock),Monday - Friday: 8:00-18:00
0,Hong Kong,https://www.interactivebrokers.com/en/index.php?f=2222&exch=hkfe&showcategories=SSF,Futures (Single Stock),09:00- 16:00 HKT. Derivatives trading hours vary.
1,India,https://www.interactivebrokers.com/en/index.php?f=2222&exch=nse&showcategories=SSF,Futures (Single Stock),Monday - Friday: 9:15-15:30
2,Singapore,https://www.interactivebrokers.com/en/index.php?f=2222&exch=sgx&showcategories=,Futures (Single Stock)Single Stock Futures (Single Stock),Securities 9:00 - 17:00 SGT
3,South Korea,https://www.interactivebrokers.com/en/index.php?f=2222&exch=kse&showcategories=SSF,Futures (Single Stock),Monday - Friday: 9:00-15:45
0,,https://www.interactivebrokers.com/en/index.php?f=2222&exch=ibfxpro&showcategories=FX,Currencies,Sunday - Friday: 17:15 - 17:00 ET
0,United States,https://www.interactivebrokers.com/en/index.php?f=2222&exch=arcaedge&showcategories=STK,Stocks (OTCBB),Monday - Friday: 8:00-16:00
1,United States,https://www.interactivebrokers.com/en/index.php?f=2222&exch=byx&showcategories=STK,Stocks,8:00 - 17:00 ET
2,United States,https://www.interactivebrokers.com/en/index.php?f=2222&exch=bats&showcategories=STK,Stocks,Monday - Friday: 9:30-20:00
3,United States,https://www.interactivebrokers.com/en/index.php?f=2222&exch=chx&showcategories=STK,Stocks,Monday - Friday: 6:00-19:00
4,United States,https://www.interactivebrokers.com/en/index.php?f=2222&exch=drctedge&showcategories=STK,Stocks,Monday - Friday: 930 - 1600
5,United States,https://www.interactivebrokers.com/en/index.php?f=2222&exch=edgea&showcategories=STK,Stocks,Monday - Friday: 930 - 1600
6,United States,https://www.interactivebrokers.com/en/index.php?f=2222&exch=vwap&showcategories=STK,Stocks (VWAPs),0:00 - 15:00 ET
7,United States,https://www.interactivebrokers.com/en/index.php?f=2222&exch=iex&showcategories=STK,Stocks,Monday - Friday: 9:30-16:00
8,United States,https://www.interactivebrokers.com/en/index.php?f=2222&exch=nite&showcategories=STK,Stocks (OTCBB),Monday - Friday: 9:30-16:00
9,United States,https://www.interactivebrokers.com/en/index.php?f=2222&exch=ltse&showcategories=STK,Stocks,9:30 - 4:00 ET
10,United States,https://www.interactivebrokers.com/en/index.php?f=2222&exch=memx&showcategories=STK,Stocks,9:30 - 4:00 ET
11,United States,https://www.interactivebrokers.com/en/index.php?f=2222&exch=pearl&showcategories=STK,Stocks,9:30 - 16:00 ET
12,United States,https://www.interactivebrokers.com/en/index.php?f=2222&exch=nasdaq&showcategories=STK,Stocks,Monday - Friday: 9:30-16:00
13,United States,https://www.interactivebrokers.com/en/index.php?f=2222&exch=bex&showcategories=STK,Stocks,9:30-16:00 ET
14,United States,https://www.interactivebrokers.com/en/index.php?f=2222&exch=psx&showcategories=STK,Stocks,9:30-16:00 ET
15,United States,https://www.interactivebrokers.com/en/index.php?f=2222&exch=island&showcategories=STK,Stocks,Monday - Friday: 4:00-20:00
16,United States,https://www.interactivebrokers.com/en/index.php?f=2222&exch=nyse&showcategories=STK,Stocks,Monday - Friday: 9:30-16:00
17,United States,https://www.interactivebrokers.com/en/index.php?f=2222&exch=amex&showcategories=STK,Stocks,Monday - Friday: 7:00-20:00
18,United States,https://www.interactivebrokers.com/en/index.php?f=2222&exch=arca&showcategories=STK,Stocks,Monday - Friday: 4:00-20:00
19,United States,https://www.interactivebrokers.com/en/index.php?f=2222&exch=nysenat&showcategories=STK,Stocks,Monday - Friday: 9:30-16:00 EST
20,United States,https://www.interactivebrokers.com/en/index.php?f=2222&exch=pink&showcategories=STK,Stocks (OTC Bulletin Board),Monday - Friday: 9:30-16:00
21,Canada,https://www.interactivebrokers.com/en/index.php?f=2222&exch=alpha&showcategories=STK,Stocks,Monday - Friday: 8:00-17:00
22,Canada,https://www.interactivebrokers.com/en/index.php?f=2222&exch=chix_ca&showcategories=STK,Stocks,Monday - Friday: 930 - 1600
23,Canada,https://www.interactivebrokers.com/en/index.php?f=2222&exch=omega&showcategories=STK,Stocks,Monday - Friday: 800 - 1700
24,Canada,https://www.interactivebrokers.com/en/index.php?f=2222&exch=tse&showcategories=STK,Stocks,9:30 - 16:00 ET
25,Canada,https://www.interactivebrokers.com/en/index.php?f=2222&exch=venture&showcategories=STK,Stocks,Monday - Friday: 16:15-17:00
26,Mexico,https://www.interactivebrokers.com/en/index.php?f=2222&exch=mexi&showcategories=STK,Stocks,Monday - Friday: 8:30-15:00
0,United States,https://www.interactivebrokers.com/en/index.php?f=2222&exch=cfe&showcategories=IND,Indices,9:30 - 16:15 ET
1,United States,https://www.interactivebrokers.com/en/index.php?f=2222&exch=ecbot&showcategories=IND,Indices,Monday - Sunday: 19:00-23:59
2,United States,https://www.interactivebrokers.com/en/index.php?f=2222&exch=cboe&showcategories=IND,Indices,Monday - Friday: 8:30-15:15
3,United States,https://www.interactivebrokers.com/en/index.php?f=2222&exch=globex&showcategories=IND,Indices,Sunday - Friday: 1700 - 1600
4,United States,https://www.interactivebrokers.com/en/index.php?f=2222&exch=iseopt&showcategories=IND,Indices,9:30 - 16:00 ET
5,United States,https://www.interactivebrokers.com/en/index.php?f=2222&exch=nasdaq&showcategories=IND,Indices,Monday - Friday: 9:30-16:00
6,United States,https://www.interactivebrokers.com/en/index.php?f=2222&exch=nsx&showcategories=IND,Indices,9:30 - 16:00 ET
7,United States,https://www.interactivebrokers.com/en/index.php?f=2222&exch=nymex&showcategories=IND,Indices,Sunday 18:00 - Friday 17:15 ET
8,United States,https://www.interactivebrokers.com/en/index.php?f=2222&exch=nyse&showcategories=IND,Indices,Monday - Friday: 9:30-16:00
9,United States,https://www.interactivebrokers.com/en/index.php?f=2222&exch=amex&showcategories=IND,Indices,Monday - Friday: 7:00-20:00
10,United States,https://www.interactivebrokers.com/en/index.php?f=2222&exch=pse&showcategories=IND,Indices,Monday - Friday: 6:30-13:00
11,United States,https://www.interactivebrokers.com/en/index.php?f=2222&exch=nyseliffe&showcategories=IND,Indices,19:16-17:00 Sunday-Friday ET19:18-17 Sunday-Friday ET - Gold and Silver options only
12,United States,https://www.interactivebrokers.com/en/index.php?f=2222&exch=phlx&showcategories=IND,Indices,Monday - Friday: 9:30-16:00
13,Canada,https://www.interactivebrokers.com/en/index.php?f=2222&exch=cde&showcategories=IND,Indices,Monday - Friday: 9:30-16:30
14,Canada,https://www.interactivebrokers.com/en/index.php?f=2222&exch=tse&showcategories=IND,Indices (Stocks),9:30 - 16:00 ET
0,Austria,https://www.interactivebrokers.com/en/index.php?f=2222&exch=vse&showcategories=IND,Indices,Monday - Friday: 9:00-17:45
1,Belgium,https://www.interactivebrokers.com/en/index.php?f=2222&exch=belfox&showcategories=IND,Indices,Monday - Friday: 9:00-17:35
2,France,https://www.interactivebrokers.com/en/index.php?f=2222&exch=matif&showcategories=IND,Indices,Monday - Friday: 10:45-18:30
3,France,https://www.interactivebrokers.com/en/index.php?f=2222&exch=monep&showcategories=IND,Indices,Options: 9:00 - 17:30 CETFutures: 8:00 - 22:00 CET
4,Germany,https://www.interactivebrokers.com/en/index.php?f=2222&exch=dtb&showcategories=IND,Indices,Monday - Friday: 9:00-22:05
5,Germany,https://www.interactivebrokers.com/en/index.php?f=2222&exch=ibis&showcategories=IND,Indices,Monday - Friday: 9:00-17:40
6,Italy,https://www.interactivebrokers.com/en/index.php?f=2222&exch=bvme&showcategories=IND,Indices,Monday - Friday: 9:00-17:42
7,Netherlands,https://www.interactivebrokers.com/en/index.php?f=2222&exch=fta&showcategories=IND,Indices,Monday - Friday: 9:00-22:00
8,Netherlands,https://www.interactivebrokers.com/en/index.php?f=2222&exch=endex&showcategories=IND,Indices,Monday - Friday: 800 - 1630
9,Spain,https://www.interactivebrokers.com/en/index.php?f=2222&exch=bm&showcategories=IND,Indices,Monday - Friday: 9:00-17:36
10,Spain,https://www.interactivebrokers.com/en/index.php?f=2222&exch=meffrv&showcategories=IND,Indices,Monday - Friday: 8:00-17:35
11,Sweden,https://www.interactivebrokers.com/en/index.php?f=2222&exch=oms&showcategories=IND,Indices,Monday - Friday: 9:00-17:25
12,Sweden,https://www.interactivebrokers.com/en/index.php?f=2222&exch=sfb&showcategories=IND,Indices,Monday - Friday: 9:00-17:30
13,Switzerland,https://www.interactivebrokers.com/en/index.php?f=2222&exch=soffex&showcategories=IND,Indices,Monday - Friday: 8:30-17:20
14,Switzerland,https://www.interactivebrokers.com/en/index.php?f=2222&exch=ebs&showcategories=IND,Indices,Monday - Friday: 9:00-17:32
15,Switzerland,https://www.interactivebrokers.com/en/index.php?f=2222&exch=virtx&showcategories=IND,Indices,Monday - Friday: 9:00-17:40
16,United Kingdom,https://www.interactivebrokers.com/en/index.php?f=2222&exch=iceeu&showcategories=IND,Indices,Monday - Friday: 8:00-18:00
17,United Kingdom,https://www.interactivebrokers.com/en/index.php?f=2222&exch=iceeusoft&showcategories=IND,Indices,Monday - Friday: 8:45-18:00
18,United Kingdom,https://www.interactivebrokers.com/en/index.php?f=2222&exch=lse&showcategories=IND,Indices,Monday - Friday: 8:00-16:50
0,Australia,https://www.interactivebrokers.com/en/index.php?f=2222&exch=snfe&showcategories=IND,Indices,"Day and night trading sessions for access almost 24 hours a day:5.10pm to 7.00am and 9.50am to 4.30pm  (Sydney time, when US daylight saving time)5.10pm to 8.00am and 9.50am to 4.30pm (Sydney time, when US non-daylight saving time)"
1,Australia,https://www.interactivebrokers.com/en/index.php?f=2222&exch=asx&showcategories=IND,Indices,10:00 - 16:00 Sydney Time
2,Hong Kong,https://www.interactivebrokers.com/en/index.php?f=2222&exch=hkfe&showcategories=IND,Indices,09:00- 16:00 HKT. Derivatives trading hours vary.
3,India,https://www.interactivebrokers.com/en/index.php?f=2222&exch=nse&showcategories=IND,Indices,Monday - Friday: 9:15-15:30
4,Japan,https://www.interactivebrokers.com/en/index.php?f=2222&exch=ose.jpn&showcategories=IND,Indices,Index FUT: 08:45-15:10 JSTNikkei VI FUT: 09:00-15:10 JSTIndex OPT: 09:00-15:10/16:30-5:30 JSTEquity OPT: 09:00-11:30/12:30-15:10 JSTSTK: 09:00-11:30/12:30-15:00 JST
5,Japan,https://www.interactivebrokers.com/en/index.php?f=2222&exch=tse.jpn&showcategories=IND,Indices,9:00 - 11:30 JST12:30 - 15:00 JST
6,Singapore,https://www.interactivebrokers.com/en/index.php?f=2222&exch=sgx&showcategories=IND,Indices,Securities 9:00 - 17:00 SGT
7,South Korea,https://www.interactivebrokers.com/en/index.php?f=2222&exch=kse&showcategories=IND,Indices,Monday - Friday: 9:00-15:45
0,United States,https://www.interactivebrokers.com/en/index.php?f=2222&exch=bonddeskg&showcategories=BOND,"Fixed Income (Corporates, Treasuries)",8:00 - 17:00 ET
1,United States,https://www.interactivebrokers.com/en/index.php?f=2222&exch=bondlarge&showcategories=BOND,Fixed Income,8:00 - 17:00 ET
2,United States,https://www.interactivebrokers.com/en/index.php?f=2222&exch=valubond&showcategories=BOND,Fixed Income (Corporates),8:00 - 17:00 ET
3,United States,https://www.interactivebrokers.com/en/index.php?f=2222&exch=valubondm&showcategories=BOND,Fixed Income (Munis),8:00 - 17:00 ET
4,United States,https://www.interactivebrokers.com/en/index.php?f=2222&exch=valubondg&showcategories=BOND,"Fixed Income (Treasuries, Corporates)",8:00 - 17:00 ET
5,United States,https://www.interactivebrokers.com/en/index.php?f=2222&exch=municentm&showcategories=BOND,Fixed Income (Munis),8:00  - 17:00 ET
6,United States,https://www.interactivebrokers.com/en/index.php?f=2222&exch=nyse_bonds&showcategories=BOND,Fixed Income (Corporates),Monday - Friday: 800 - 1700
7,United States,https://www.interactivebrokers.com/en/index.php?f=2222&exch=tradewebm&showcategories=BOND,Fixed Income (Munis),8:00 - 17:00 ET
8,United States,https://www.interactivebrokers.com/en/index.php?f=2222&exch=tradewebg&showcategories=,Fixed Income (Treasuries)Bills,Monday - Friday: 730 - 1700
9,United States,https://www.interactivebrokers.com/en/index.php?f=2222&exch=tradeweb&showcategories=BOND,Fixed Income,Monday - Friday: 8:00 - 17:00
0,European Union,https://www.interactivebrokers.com/en/index.php?f=2222&exch=euronext&showcategories=BOND,Fixed Income (Corporate and Non-US Sovereign),Monday - Friday: 14:59-23:59
0,Hong Kong,https://www.interactivebrokers.com/en/index.php?f=2222&exch=sehk&showcategories=BOND,Fixed Income (Non-US Sovereign),9:30 - 12:00 HKT13:00 - 16:00 HKT
0,United States,https://www.interactivebrokers.com/en/index.php?f=2262&exch=Capital,Mutual Funds,9:30 - 15:59 ET
1,United States,https://www.interactivebrokers.com/en/index.php?f=2262&exch=Aaamco,Mutual Funds,9:30 - 15:59 ET
2,United States,https://www.interactivebrokers.com/en/index.php?f=2262&exch=Aberdeen,Mutual Funds,9:30 - 15:59 ET
3,United States,https://www.interactivebrokers.com/en/index.php?f=2262&exch=Abr,Mutual Funds,9:30 - 15:59 ET
4,United States,https://www.interactivebrokers.com/en/index.php?f=2262&exch=Forumf,Mutual Funds,9:30 - 15:59 ET
5,United States,https://www.interactivebrokers.com/en/index.php?f=2262&exch=Acm,Mutual Funds,9:30 - 15:59 ET
6,United States,https://www.interactivebrokers.com/en/index.php?f=2262&exch=Adirondack,Mutual Funds,9:30 - 15:59 ET
7,United States,https://www.interactivebrokers.com/en/index.php?f=2262&exch=Advisorsp,Mutual Funds,9:30 - 15:59 ET
8,United States,https://www.interactivebrokers.com/en/index.php?f=2262&exch=Advisory,Mutual Funds,9:30 - 15:59 ET
9,United States,https://www.interactivebrokers.com/en/index.php?f=2262&exch=Agf,Mutual Funds,9:30 - 15:59 ET
10,United States,https://www.interactivebrokers.com/en/index.php?f=2262&exch=Ainn,Mutual Funds,9:30 - 15:59 ET
11,United States,https://www.interactivebrokers.com/en/index.php?f=2262&exch=Akre,Mutual Funds,9:30 - 15:59 ET
12,United States,https://www.interactivebrokers.com/en/index.php?f=2262&exch=Alger,Mutual Funds,9:30 - 15:59 ET
13,United States,https://www.interactivebrokers.com/en/index.php?f=2262&exch=Pimco,Mutual Funds,9:30 - 15:59 ET
14,United States,https://www.interactivebrokers.com/en/index.php?f=2262&exch=Allspring,Mutual Funds,9:30 - 15:59 ET
15,United States,https://www.interactivebrokers.com/en/index.php?f=2262&exch=Alphafid,Mutual Funds,9:30 - 15:59 ET
16,United States,https://www.interactivebrokers.com/en/index.php?f=2262&exch=Alphacentric,Mutual Funds,9:30 - 15:59 ET
17,United States,https://www.interactivebrokers.com/en/index.php?f=2262&exch=Alphacore,Mutual Funds,9:30 - 15:59 ET
18,United States,https://www.interactivebrokers.com/en/index.php?f=2262&exch=Alps,Mutual Funds,9:30 - 15:59 ET
19,United States,https://www.interactivebrokers.com/en/index.php?f=2262&exch=Alpssmith,Mutual Funds,9:30 - 15:59 ET
20,United States,https://www.interactivebrokers.com/en/index.php?f=2262&exch=Alta,Mutual Funds,9:30 - 15:59 ET
21,United States,https://www.interactivebrokers.com/en/index.php?f=2262&exch=Altegris,Mutual Funds,9:30 - 15:59 ET
22,United States,https://www.interactivebrokers.com/en/index.php?f=2262&exch=Americanbeacon,Mutual Funds,9:30 - 15:59 ET
23,United States,https://www.interactivebrokers.com/en/index.php?f=2262&exch=Americent,Mutual Funds,9:30 - 15:59 ET
24,United States,https://www.interactivebrokers.com/en/index.php?f=2262&exch=American,Mutual Funds,9:30 - 15:59 ET
25,United States,https://www.interactivebrokers.com/en/index.php?f=2262&exch=Amg,Mutual Funds,9:30 - 15:59 ET
26,United States,https://www.interactivebrokers.com/en/index.php?f=2262&exch=Anchor,Mutual Funds,9:30 - 15:59 ET
27,United States,https://www.interactivebrokers.com/en/index.php?f=2262&exch=Anfield,Mutual Funds,9:30 - 15:59 ET
28,United States,https://www.interactivebrokers.com/en/index.php?f=2262&exch=Angel,Mutual Funds,9:30 - 15:59 ET
29,United States,https://www.interactivebrokers.com/en/index.php?f=2262&exch=Aperture,Mutual Funds,9:30 - 15:59 ET
30,United States,https://www.interactivebrokers.com/en/index.php?f=2262&exch=Aqr,Mutual Funds,9:30 - 15:59 ET
31,United States,https://www.interactivebrokers.com/en/index.php?f=2262&exch=Aquila,Mutual Funds,9:30 - 15:59 ET
32,United States,https://www.interactivebrokers.com/en/index.php?f=2262&exch=Ariel,Mutual Funds,9:30 - 15:59 ET
33,United States,https://www.interactivebrokers.com/en/index.php?f=2262&exch=Arin,Mutual Funds,9:30 - 15:59 ET
34,United States,https://www.interactivebrokers.com/en/index.php?f=2262&exch=Arrow,Mutual Funds,9:30 - 15:59 ET
35,United States,https://www.interactivebrokers.com/en/index.php?f=2262&exch=Ashmore,Mutual Funds,9:30 - 15:59 ET
36,United States,https://www.interactivebrokers.com/en/index.php?f=2262&exch=Astor,Mutual Funds,9:30 - 15:59 ET
37,United States,https://www.interactivebrokers.com/en/index.php?f=2262&exch=Atac,Mutual Funds,9:30 - 15:59 ET
38,United States,https://www.interactivebrokers.com/en/index.php?f=2262&exch=Athena,Mutual Funds,9:30 - 15:59 ET
39,United States,https://www.interactivebrokers.com/en/index.php?f=2262&exch=Ave,Mutual Funds,9:30 - 15:59 ET
40,United States,https://www.interactivebrokers.com/en/index.php?f=2262&exch=Axs,Mutual Funds,9:30 - 15:59 ET
41,United States,https://www.interactivebrokers.com/en/index.php?f=2262&exch=Azzad,Mutual Funds,9:30 - 15:59 ET
42,United States,https://www.interactivebrokers.com/en/index.php?f=2262&exch=Baird,Mutual Funds,9:30 - 15:59 ET
43,United States,https://www.interactivebrokers.com/en/index.php?f=2262&exch=Balter,Mutual Funds,9:30 - 15:59 ET
44,United States,https://www.interactivebrokers.com/en/index.php?f=2262&exch=Baron,Mutual Funds,9:30 - 15:59 ET
45,United States,https://www.interactivebrokers.com/en/index.php?f=2262&exch=Belmont,Mutual Funds,9:30 - 15:59 ET
46,United States,https://www.interactivebrokers.com/en/index.php?f=2262&exch=Bernzottfunds,Mutual Funds,9:30 - 15:59 ET
47,United States,https://www.interactivebrokers.com/en/index.php?f=2262&exch=Rock,Mutual Funds,9:30 - 15:59 ET
48,United States,https://www.interactivebrokers.com/en/index.php?f=2262&exch=Bmo,Mutual Funds,9:30 - 15:59 ET
49,United States,https://www.interactivebrokers.com/en/index.php?f=2262&exch=Bny,Mutual Funds,9:30 - 15:59 ET
50,United States,https://www.interactivebrokers.com/en/index.php?f=2262&exch=Bramshill,Mutual Funds,9:30 - 15:59 ET
51,United States,https://www.interactivebrokers.com/en/index.php?f=2262&exch=Bridgeway,Mutual Funds,9:30 - 15:59 ET
52,United States,https://www.interactivebrokers.com/en/index.php?f=2262&exch=Brookfield,Mutual Funds,9:30 - 15:59 ET
53,United States,https://www.interactivebrokers.com/en/index.php?f=2262&exch=Brown,Mutual Funds,9:30 - 15:59 ET
54,United States,https://www.interactivebrokers.com/en/index.php?f=2262&exch=Bts,Mutual Funds,9:30 - 15:59 ET
55,United States,https://www.interactivebrokers.com/en/index.php?f=2262&exch=Buffalo,Mutual Funds,9:30 - 15:59 ET
56,United States,https://www.interactivebrokers.com/en/index.php?f=2262&exch=Calamos,Mutual Funds,9:30 - 15:59 ET
57,United States,https://www.interactivebrokers.com/en/index.php?f=2262&exch=Calvert,Mutual Funds,9:30 - 15:59 ET
58,United States,https://www.interactivebrokers.com/en/index.php?f=2262&exch=Cambiar,Mutual Funds,9:30 - 15:59 ET
59,United States,https://www.interactivebrokers.com/en/index.php?f=2262&exch=Cannabis,Mutual Funds,9:30 - 15:59 ET
60,United States,https://www.interactivebrokers.com/en/index.php?f=2262&exch=Canyon,Mutual Funds,9:30 - 15:59 ET
61,United States,https://www.interactivebrokers.com/en/index.php?f=2262&exch=Carillon,Mutual Funds,9:30 - 15:59 ET
62,United States,https://www.interactivebrokers.com/en/index.php?f=2262&exch=Catalyst,Mutual Funds,9:30 - 15:59 ET
63,United States,https://www.interactivebrokers.com/en/index.php?f=2262&exch=Causeway,Mutual Funds,9:30 - 15:59 ET
64,United States,https://www.interactivebrokers.com/en/index.php?f=2262&exch=Cavalier,Mutual Funds,9:30 - 15:59 ET
65,United States,https://www.interactivebrokers.com/en/index.php?f=2262&exch=Cavanal,Mutual Funds,9:30 - 15:59 ET
66,United States,https://www.interactivebrokers.com/en/index.php?f=2262&exch=Cboevestfunds,Mutual Funds,9:30 - 15:59 ET
67,United States,https://www.interactivebrokers.com/en/index.php?f=2262&exch=Cedar,Mutual Funds,9:30 - 15:59 ET
68,United States,https://www.interactivebrokers.com/en/index.php?f=2262&exch=Centaur,Mutual Funds,9:30 - 15:59 ET
69,United States,https://www.interactivebrokers.com/en/index.php?f=2262&exch=Centerstone,Mutual Funds,9:30 - 15:59 ET
70,United States,https://www.interactivebrokers.com/en/index.php?f=2262&exch=Centre,Mutual Funds,9:30 - 15:59 ET
71,United States,https://www.interactivebrokers.com/en/index.php?f=2262&exch=Certeza,Mutual Funds,9:30 - 15:59 ET
72,United States,https://www.interactivebrokers.com/en/index.php?f=2262&exch=Champlain,Mutual Funds,9:30 - 15:59 ET
73,United States,https://www.interactivebrokers.com/en/index.php?f=2262&exch=Chartwell,Mutual Funds,9:30 - 15:59 ET
74,United States,https://www.interactivebrokers.com/en/index.php?f=2262&exch=Chiron,Mutual Funds,9:30 - 15:59 ET
75,United States,https://www.interactivebrokers.com/en/index.php?f=2262&exch=Clipper,Mutual Funds,9:30 - 15:59 ET
76,United States,https://www.interactivebrokers.com/en/index.php?f=2262&exch=Cmg,Mutual Funds,9:30 - 15:59 ET
77,United States,https://www.interactivebrokers.com/en/index.php?f=2262&exch=Columbia,Mutual Funds,9:30 - 15:59 ET
78,United States,https://www.interactivebrokers.com/en/index.php?f=2262&exch=Commonwealth,Mutual Funds,9:30 - 15:59 ET
79,United States,https://www.interactivebrokers.com/en/index.php?f=2262&exch=Copley,Mutual Funds,9:30 - 15:59 ET
80,United States,https://www.interactivebrokers.com/en/index.php?f=2262&exch=Counterpoint,Mutual Funds,9:30 - 15:59 ET
81,United States,https://www.interactivebrokers.com/en/index.php?f=2262&exch=Crm,Mutual Funds,9:30 - 15:59 ET
82,United States,https://www.interactivebrokers.com/en/index.php?f=2262&exch=Crossing,Mutual Funds,9:30 - 15:59 ET
83,United States,https://www.interactivebrokers.com/en/index.php?f=2262&exch=Crow,Mutual Funds,9:30 - 15:59 ET
84,United States,https://www.interactivebrokers.com/en/index.php?f=2262&exch=Cullen,Mutual Funds,9:30 - 15:59 ET
85,United States,https://www.interactivebrokers.com/en/index.php?f=2262&exch=Davenport,Mutual Funds,9:30 - 15:59 ET
86,United States,https://www.interactivebrokers.com/en/index.php?f=2262&exch=Davis,Mutual Funds,9:30 - 15:59 ET
87,United States,https://www.interactivebrokers.com/en/index.php?f=2262&exch=Day,Mutual Funds,9:30 - 15:59 ET
88,United States,https://www.interactivebrokers.com/en/index.php?f=2262&exch=Deerpark,Mutual Funds,9:30 - 15:59 ET
89,United States,https://www.interactivebrokers.com/en/index.php?f=2262&exch=Dimensional,Mutual Funds,9:30 - 15:59 ET
90,United States,https://www.interactivebrokers.com/en/index.php?f=2262&exch=Direxionfunds,Mutual Funds,9:30 - 15:59 ET
91,United States,https://www.interactivebrokers.com/en/index.php?f=2262&exch=Dodge,Mutual Funds,9:30 - 15:59 ET
92,United States,https://www.interactivebrokers.com/en/index.php?f=2262&exch=Domini,Mutual Funds,9:30 - 15:59 ET
93,United States,https://www.interactivebrokers.com/en/index.php?f=2262&exch=Donoghue,Mutual Funds,9:30 - 15:59 ET
94,United States,https://www.interactivebrokers.com/en/index.php?f=2262&exch=Doubleline,Mutual Funds,9:30 - 15:59 ET
95,United States,https://www.interactivebrokers.com/en/index.php?f=2262&exch=Dreyfus,Mutual Funds,9:30 - 15:59 ET
96,United States,https://www.interactivebrokers.com/en/index.php?f=2262&exch=Driehaus,Mutual Funds,9:30 - 15:59 ET
97,United States,https://www.interactivebrokers.com/en/index.php?f=2262&exch=Deawm,Mutual Funds,9:30 - 15:59 ET
98,United States,https://www.interactivebrokers.com/en/index.php?f=2262&exch=Easterly,Mutual Funds,9:30 - 15:59 ET
99,United States,https://www.interactivebrokers.com/en/index.php?f=2262&exch=Eatonvance,Mutual Funds,9:30 - 15:59 ET
100,United States,https://www.interactivebrokers.com/en/index.php?f=2262&exch=Emeraldmf,Mutual Funds,9:30 - 15:59 ET
101,United States,https://www.interactivebrokers.com/en/index.php?f=2262&exch=Empiric,Mutual Funds,9:30 - 15:59 ET
102,United States,https://www.interactivebrokers.com/en/index.php?f=2262&exch=Entreprenuer,Mutual Funds,9:30 - 15:59 ET
103,United States,https://www.interactivebrokers.com/en/index.php?f=2262&exch=Equable,Mutual Funds,9:30 - 15:59 ET
104,United States,https://www.interactivebrokers.com/en/index.php?f=2262&exch=Equinox,Mutual Funds,9:30 - 15:59 ET
105,United States,https://www.interactivebrokers.com/en/index.php?f=2262&exch=Europacific,Mutual Funds,9:30 - 15:59 ET
106,United States,https://www.interactivebrokers.com/en/index.php?f=2262&exch=Eventide,Mutual Funds,9:30 - 15:59 ET
107,United States,https://www.interactivebrokers.com/en/index.php?f=2262&exch=Evermore,Mutual Funds,9:30 - 15:59 ET
108,United States,https://www.interactivebrokers.com/en/index.php?f=2262&exch=Exceed,Mutual Funds,9:30 - 15:59 ET
109,United States,https://www.interactivebrokers.com/en/index.php?f=2262&exch=Fairholme,Mutual Funds,9:30 - 15:59 ET
110,United States,https://www.interactivebrokers.com/en/index.php?f=2262&exch=Federated,Mutual Funds,9:30 - 15:59 ET
111,United States,https://www.interactivebrokers.com/en/index.php?f=2262&exch=Fidelity,Mutual Funds,9:30 - 15:59 ET
112,United States,https://www.interactivebrokers.com/en/index.php?f=2262&exch=Fiera,Mutual Funds,9:30 - 15:59 ET
113,United States,https://www.interactivebrokers.com/en/index.php?f=2262&exch=Firsteagle,Mutual Funds,9:30 - 15:59 ET
114,United States,https://www.interactivebrokers.com/en/index.php?f=2262&exch=Fiduciary,Mutual Funds,9:30 - 15:59 ET
115,United States,https://www.interactivebrokers.com/en/index.php?f=2262&exch=Forwardfunds,Mutual Funds,9:30 - 15:59 ET
116,United States,https://www.interactivebrokers.com/en/index.php?f=2262&exch=Fpa,Mutual Funds,9:30 - 15:59 ET
117,United States,https://www.interactivebrokers.com/en/index.php?f=2262&exch=Frank,Mutual Funds,9:30 - 15:59 ET
118,United States,https://www.interactivebrokers.com/en/index.php?f=2262&exch=Franklin,Mutual Funds,9:30 - 15:59 ET
119,United States,https://www.interactivebrokers.com/en/index.php?f=2262&exch=Frost,Mutual Funds,9:30 - 15:59 ET
120,United States,https://www.interactivebrokers.com/en/index.php?f=2262&exch=Fs,Mutual Funds,9:30 - 15:59 ET
121,United States,https://www.interactivebrokers.com/en/index.php?f=2262&exch=Fuller,Mutual Funds,9:30 - 15:59 ET
122,United States,https://www.interactivebrokers.com/en/index.php?f=2262&exch=Gabelli,Mutual Funds,9:30 - 15:59 ET
123,United States,https://www.interactivebrokers.com/en/index.php?f=2262&exch=Gator,Mutual Funds,9:30 - 15:59 ET
124,United States,https://www.interactivebrokers.com/en/index.php?f=2262&exch=Gavekal,Mutual Funds,9:30 - 15:59 ET
125,United States,https://www.interactivebrokers.com/en/index.php?f=2262&exch=Goehring,Mutual Funds,9:30 - 15:59 ET
126,United States,https://www.interactivebrokers.com/en/index.php?f=2262&exch=Good,Mutual Funds,9:30 - 15:59 ET
127,United States,https://www.interactivebrokers.com/en/index.php?f=2262&exch=Goodwood,Mutual Funds,9:30 - 15:59 ET
128,United States,https://www.interactivebrokers.com/en/index.php?f=2262&exch=Gotham,Mutual Funds,9:30 - 15:59 ET
129,United States,https://www.interactivebrokers.com/en/index.php?f=2262&exch=Gqg,Mutual Funds,9:30 - 15:59 ET
130,United States,https://www.interactivebrokers.com/en/index.php?f=2262&exch=Grandeur,Mutual Funds,9:30 - 15:59 ET
131,United States,https://www.interactivebrokers.com/en/index.php?f=2262&exch=Green,Mutual Funds,9:30 - 15:59 ET
132,United States,https://www.interactivebrokers.com/en/index.php?f=2262&exch=Greenspring,Mutual Funds,9:30 - 15:59 ET
133,United States,https://www.interactivebrokers.com/en/index.php?f=2262&exch=Guggenheim,Mutual Funds,9:30 - 15:59 ET
134,United States,https://www.interactivebrokers.com/en/index.php?f=2262&exch=Guiness,Mutual Funds,9:30 - 15:59 ET
135,United States,https://www.interactivebrokers.com/en/index.php?f=2262&exch=Hancock,Mutual Funds,9:30 - 15:59 ET
136,United States,https://www.interactivebrokers.com/en/index.php?f=2262&exch=Harbor,Mutual Funds,9:30 - 15:59 ET
137,United States,https://www.interactivebrokers.com/en/index.php?f=2262&exch=Harding,Mutual Funds,9:30 - 15:59 ET
138,United States,https://www.interactivebrokers.com/en/index.php?f=2262&exch=Hartford,Mutual Funds,9:30 - 15:59 ET
139,United States,https://www.interactivebrokers.com/en/index.php?f=2262&exch=Hennessy,Mutual Funds,9:30 - 15:59 ET
140,United States,https://www.interactivebrokers.com/en/index.php?f=2262&exch=Hercules,Mutual Funds,9:30 - 15:59 ET
141,United States,https://www.interactivebrokers.com/en/index.php?f=2262&exch=Highland,Mutual Funds,9:30 - 15:59 ET
142,United States,https://www.interactivebrokers.com/en/index.php?f=2262&exch=Hodges,Mutual Funds,9:30 - 15:59 ET
143,United States,https://www.interactivebrokers.com/en/index.php?f=2262&exch=Holbrook,Mutual Funds,9:30 - 15:59 ET
144,United States,https://www.interactivebrokers.com/en/index.php?f=2262&exch=Horizon,Mutual Funds,9:30 - 15:59 ET
145,United States,https://www.interactivebrokers.com/en/index.php?f=2262&exch=Hotchkis,Mutual Funds,9:30 - 15:59 ET
146,United States,https://www.interactivebrokers.com/en/index.php?f=2262&exch=Hsbc,Mutual Funds,9:30 - 15:59 ET
147,United States,https://www.interactivebrokers.com/en/index.php?f=2262&exch=Huber,Mutual Funds,9:30 - 15:59 ET
148,United States,https://www.interactivebrokers.com/en/index.php?f=2262&exch=Hussman,Mutual Funds,9:30 - 15:59 ET
149,United States,https://www.interactivebrokers.com/en/index.php?f=2262&exch=Iman,Mutual Funds,9:30 - 15:59 ET
150,United States,https://www.interactivebrokers.com/en/index.php?f=2262&exch=Index,Mutual Funds,9:30 - 15:59 ET
151,United States,https://www.interactivebrokers.com/en/index.php?f=2262&exch=Invesco,Mutual Funds,9:30 - 15:59 ET
152,United States,https://www.interactivebrokers.com/en/index.php?f=2262&exch=Investecusa,Mutual Funds,9:30 - 15:59 ET
153,United States,https://www.interactivebrokers.com/en/index.php?f=2262&exch=Issachar,Mutual Funds,9:30 - 15:59 ET
154,United States,https://www.interactivebrokers.com/en/index.php?f=2262&exch=Iva,Mutual Funds,9:30 - 15:59 ET
155,United States,https://www.interactivebrokers.com/en/index.php?f=2262&exch=Ivy,Mutual Funds,9:30 - 15:59 ET
156,United States,https://www.interactivebrokers.com/en/index.php?f=2262&exch=Jpmorgan,Mutual Funds,9:30 - 15:59 ET
157,United States,https://www.interactivebrokers.com/en/index.php?f=2262&exch=Jackson,Mutual Funds,9:30 - 15:59 ET
158,United States,https://www.interactivebrokers.com/en/index.php?f=2262&exch=Jamesadvantage,Mutual Funds,9:30 - 15:59 ET
159,United States,https://www.interactivebrokers.com/en/index.php?f=2262&exch=James,Mutual Funds,9:30 - 15:59 ET
160,United States,https://www.interactivebrokers.com/en/index.php?f=2262&exch=Janus,Mutual Funds,9:30 - 15:59 ET
161,United States,https://www.interactivebrokers.com/en/index.php?f=2262&exch=Jensen,Mutual Funds,9:30 - 15:59 ET
162,United States,https://www.interactivebrokers.com/en/index.php?f=2262&exch=Johcm,Mutual Funds,9:30 - 15:59 ET
163,United States,https://www.interactivebrokers.com/en/index.php?f=2262&exch=Johnson,Mutual Funds,9:30 - 15:59 ET
164,United States,https://www.interactivebrokers.com/en/index.php?f=2262&exch=Kerns,Mutual Funds,9:30 - 15:59 ET
165,United States,https://www.interactivebrokers.com/en/index.php?f=2262&exch=Kinetics,Mutual Funds,9:30 - 15:59 ET
166,United States,https://www.interactivebrokers.com/en/index.php?f=2262&exch=Kkm,Mutual Funds,9:30 - 15:59 ET
167,United States,https://www.interactivebrokers.com/en/index.php?f=2262&exch=Knights,Mutual Funds,9:30 - 15:59 ET
168,United States,https://www.interactivebrokers.com/en/index.php?f=2262&exch=Kopernik,Mutual Funds,9:30 - 15:59 ET
169,United States,https://www.interactivebrokers.com/en/index.php?f=2262&exch=Lateef,Mutual Funds,9:30 - 15:59 ET
170,United States,https://www.interactivebrokers.com/en/index.php?f=2262&exch=Lazard,Mutual Funds,9:30 - 15:59 ET
171,United States,https://www.interactivebrokers.com/en/index.php?f=2262&exch=Leader,Mutual Funds,9:30 - 15:59 ET
172,United States,https://www.interactivebrokers.com/en/index.php?f=2262&exch=Leggmason,Mutual Funds,9:30 - 15:59 ET
173,United States,https://www.interactivebrokers.com/en/index.php?f=2262&exch=Leland,Mutual Funds,9:30 - 15:59 ET
174,United States,https://www.interactivebrokers.com/en/index.php?f=2262&exch=Liberty,Mutual Funds,9:30 - 15:59 ET
175,United States,https://www.interactivebrokers.com/en/index.php?f=2262&exch=Liebenthal,Mutual Funds,9:30 - 15:59 ET
176,United States,https://www.interactivebrokers.com/en/index.php?f=2262&exch=Litman,Mutual Funds,9:30 - 15:59 ET
177,United States,https://www.interactivebrokers.com/en/index.php?f=2262&exch=Longboard,Mutual Funds,9:30 - 15:59 ET
178,United States,https://www.interactivebrokers.com/en/index.php?f=2262&exch=Longleaf,Mutual Funds,9:30 - 15:59 ET
179,United States,https://www.interactivebrokers.com/en/index.php?f=2262&exch=Loomissayles,Mutual Funds,9:30 - 15:59 ET
180,United States,https://www.interactivebrokers.com/en/index.php?f=2262&exch=Lord,Mutual Funds,9:30 - 15:59 ET
181,United States,https://www.interactivebrokers.com/en/index.php?f=2262&exch=Valued,Mutual Funds,9:30 - 15:59 ET
182,United States,https://www.interactivebrokers.com/en/index.php?f=2262&exch=Theta,Mutual Funds,9:30 - 15:59 ET
183,United States,https://www.interactivebrokers.com/en/index.php?f=2262&exch=Madison,Mutual Funds,9:30 - 15:59 ET
184,United States,https://www.interactivebrokers.com/en/index.php?f=2262&exch=Mainstay,Mutual Funds,9:30 - 15:59 ET
185,United States,https://www.interactivebrokers.com/en/index.php?f=2262&exch=Mairs,Mutual Funds,9:30 - 15:59 ET
186,United States,https://www.interactivebrokers.com/en/index.php?f=2262&exch=Manning,Mutual Funds,9:30 - 15:59 ET
187,United States,https://www.interactivebrokers.com/en/index.php?f=2262&exch=Marketfield,Mutual Funds,9:30 - 15:59 ET
188,United States,https://www.interactivebrokers.com/en/index.php?f=2262&exch=Matisse,Mutual Funds,9:30 - 15:59 ET
189,United States,https://www.interactivebrokers.com/en/index.php?f=2262&exch=Matrix,Mutual Funds,9:30 - 15:59 ET
190,United States,https://www.interactivebrokers.com/en/index.php?f=2262&exch=Matthews,Mutual Funds,9:30 - 15:59 ET
191,United States,https://www.interactivebrokers.com/en/index.php?f=2262&exch=Merk,Mutual Funds,9:30 - 15:59 ET
192,United States,https://www.interactivebrokers.com/en/index.php?f=2262&exch=Metwest,Mutual Funds,9:30 - 15:59 ET
193,United States,https://www.interactivebrokers.com/en/index.php?f=2262&exch=Mfs_,Mutual Funds,9:30 - 15:59 ET
194,United States,https://www.interactivebrokers.com/en/index.php?f=2262&exch=Miller,Mutual Funds,9:30 - 15:59 ET
195,United States,https://www.interactivebrokers.com/en/index.php?f=2262&exch=Motley,Mutual Funds,9:30 - 15:59 ET
196,United States,https://www.interactivebrokers.com/en/index.php?f=2262&exch=Nationwide,Mutual Funds,9:30 - 15:59 ET
197,United States,https://www.interactivebrokers.com/en/index.php?f=2262&exch=Natixis,Mutual Funds,9:30 - 15:59 ET
198,United States,https://www.interactivebrokers.com/en/index.php?f=2262&exch=Navigator,Mutual Funds,9:30 - 15:59 ET
199,United States,https://www.interactivebrokers.com/en/index.php?f=2262&exch=Needham,Mutual Funds,9:30 - 15:59 ET
200,United States,https://www.interactivebrokers.com/en/index.php?f=2262&exch=Neuberger,Mutual Funds,9:30 - 15:59 ET
201,United States,https://www.interactivebrokers.com/en/index.php?f=2262&exch=Newfound,Mutual Funds,9:30 - 15:59 ET
202,United States,https://www.interactivebrokers.com/en/index.php?f=2262&exch=Northsquare,Mutual Funds,9:30 - 15:59 ET
203,United States,https://www.interactivebrokers.com/en/index.php?f=2262&exch=Northern,Mutual Funds,9:30 - 15:59 ET
204,United States,https://www.interactivebrokers.com/en/index.php?f=2262&exch=Nuveen2,Mutual Funds,9:30 - 15:59 ET
205,United States,https://www.interactivebrokers.com/en/index.php?f=2262&exch=Oaka,Mutual Funds,9:30 - 15:59 ET
206,United States,https://www.interactivebrokers.com/en/index.php?f=2262&exch=Oak,Mutual Funds,9:30 - 15:59 ET
207,United States,https://www.interactivebrokers.com/en/index.php?f=2262&exch=Oakmark,Mutual Funds,9:30 - 15:59 ET
208,United States,https://www.interactivebrokers.com/en/index.php?f=2262&exch=Ocm,Mutual Funds,9:30 - 15:59 ET
209,United States,https://www.interactivebrokers.com/en/index.php?f=2262&exch=Orinda,Mutual Funds,9:30 - 15:59 ET
210,United States,https://www.interactivebrokers.com/en/index.php?f=2262&exch=Osterweis,Mutual Funds,9:30 - 15:59 ET
211,United States,https://www.interactivebrokers.com/en/index.php?f=2262&exch=Otter,Mutual Funds,9:30 - 15:59 ET
212,United States,https://www.interactivebrokers.com/en/index.php?f=2262&exch=Pfg,Mutual Funds,9:30 - 15:59 ET
213,United States,https://www.interactivebrokers.com/en/index.php?f=2262&exch=Pacific,Mutual Funds,9:30 - 15:59 ET
214,United States,https://www.interactivebrokers.com/en/index.php?f=2262&exch=Palm,Mutual Funds,9:30 - 15:59 ET
215,United States,https://www.interactivebrokers.com/en/index.php?f=2262&exch=Palmer,Mutual Funds,9:30 - 15:59 ET
216,United States,https://www.interactivebrokers.com/en/index.php?f=2262&exch=Parnassus,Mutual Funds,9:30 - 15:59 ET
217,United States,https://www.interactivebrokers.com/en/index.php?f=2262&exch=Paxworld,Mutual Funds,9:30 - 15:59 ET
218,United States,https://www.interactivebrokers.com/en/index.php?f=2262&exch=Payden,Mutual Funds,9:30 - 15:59 ET
219,United States,https://www.interactivebrokers.com/en/index.php?f=2262&exch=Penn,Mutual Funds,9:30 - 15:59 ET
220,United States,https://www.interactivebrokers.com/en/index.php?f=2262&exch=Performance,Mutual Funds,9:30 - 15:59 ET
221,United States,https://www.interactivebrokers.com/en/index.php?f=2262&exch=Permanent,Mutual Funds,9:30 - 15:59 ET
222,United States,https://www.interactivebrokers.com/en/index.php?f=2262&exch=Prudential,Mutual Funds,9:30 - 15:59 ET
223,United States,https://www.interactivebrokers.com/en/index.php?f=2262&exch=Phaeacian,Mutual Funds,9:30 - 15:59 ET
224,United States,https://www.interactivebrokers.com/en/index.php?f=2262&exch=Pimco2,Mutual Funds,9:30 - 15:59 ET
225,United States,https://www.interactivebrokers.com/en/index.php?f=2262&exch=Pinnacle,Mutual Funds,9:30 - 15:59 ET
226,United States,https://www.interactivebrokers.com/en/index.php?f=2262&exch=Pioneer,Mutual Funds,9:30 - 15:59 ET
227,United States,https://www.interactivebrokers.com/en/index.php?f=2262&exch=Polen,Mutual Funds,9:30 - 15:59 ET
228,United States,https://www.interactivebrokers.com/en/index.php?f=2262&exch=Preserver,Mutual Funds,9:30 - 15:59 ET
229,United States,https://www.interactivebrokers.com/en/index.php?f=2262&exch=Primecap,Mutual Funds,9:30 - 15:59 ET
230,United States,https://www.interactivebrokers.com/en/index.php?f=2262&exch=Princeton,Mutual Funds,9:30 - 15:59 ET
231,United States,https://www.interactivebrokers.com/en/index.php?f=2262&exch=Principal,Mutual Funds,9:30 - 15:59 ET
232,United States,https://www.interactivebrokers.com/en/index.php?f=2262&exch=Principals,Mutual Funds,9:30 - 15:59 ET
233,United States,https://www.interactivebrokers.com/en/index.php?f=2262&exch=Probabilities,Mutual Funds,9:30 - 15:59 ET
234,United States,https://www.interactivebrokers.com/en/index.php?f=2262&exch=Profund,Mutual Funds,9:30 - 15:59 ET
235,United States,https://www.interactivebrokers.com/en/index.php?f=2262&exch=Psi,Mutual Funds,9:30 - 15:59 ET
236,United States,https://www.interactivebrokers.com/en/index.php?f=2262&exch=Putnam,Mutual Funds,9:30 - 15:59 ET
237,United States,https://www.interactivebrokers.com/en/index.php?f=2262&exch=Qthree,Mutual Funds,9:30 - 15:59 ET
238,United States,https://www.interactivebrokers.com/en/index.php?f=2262&exch=Quaker,Mutual Funds,9:30 - 15:59 ET
239,United States,https://www.interactivebrokers.com/en/index.php?f=2262&exch=Rareview,Mutual Funds,9:30 - 15:59 ET
240,United States,https://www.interactivebrokers.com/en/index.php?f=2262&exch=Rational,Mutual Funds,9:30 - 15:59 ET
241,United States,https://www.interactivebrokers.com/en/index.php?f=2262&exch=Rbbf,Mutual Funds,9:30 - 15:59 ET
242,United States,https://www.interactivebrokers.com/en/index.php?f=2262&exch=Recurrent,Mutual Funds,9:30 - 15:59 ET
243,United States,https://www.interactivebrokers.com/en/index.php?f=2262&exch=Redwood,Mutual Funds,9:30 - 15:59 ET
244,United States,https://www.interactivebrokers.com/en/index.php?f=2262&exch=Rivern,Mutual Funds,9:30 - 15:59 ET
245,United States,https://www.interactivebrokers.com/en/index.php?f=2262&exch=Riverpark,Mutual Funds,9:30 - 15:59 ET
246,United States,https://www.interactivebrokers.com/en/index.php?f=2262&exch=Russelli,Mutual Funds,9:30 - 15:59 ET
247,United States,https://www.interactivebrokers.com/en/index.php?f=2262&exch=Salient,Mutual Funds,9:30 - 15:59 ET
248,United States,https://www.interactivebrokers.com/en/index.php?f=2262&exch=Saratoga,Mutual Funds,9:30 - 15:59 ET
249,United States,https://www.interactivebrokers.com/en/index.php?f=2262&exch=Saturna,Mutual Funds,9:30 - 15:59 ET
250,United States,https://www.interactivebrokers.com/en/index.php?f=2262&exch=Schooner,Mutual Funds,9:30 - 15:59 ET
251,United States,https://www.interactivebrokers.com/en/index.php?f=2262&exch=Schroder,Mutual Funds,9:30 - 15:59 ET
252,United States,https://www.interactivebrokers.com/en/index.php?f=2262&exch=Schwab,Mutual Funds,9:30 - 15:59 ET
253,United States,https://www.interactivebrokers.com/en/index.php?f=2262&exch=Selected,Mutual Funds,9:30 - 15:59 ET
254,United States,https://www.interactivebrokers.com/en/index.php?f=2262&exch=Semper,Mutual Funds,9:30 - 15:59 ET
255,United States,https://www.interactivebrokers.com/en/index.php?f=2262&exch=Seven,Mutual Funds,9:30 - 15:59 ET
256,United States,https://www.interactivebrokers.com/en/index.php?f=2262&exch=Shelton,Mutual Funds,9:30 - 15:59 ET
257,United States,https://www.interactivebrokers.com/en/index.php?f=2262&exch=Shenkman,Mutual Funds,9:30 - 15:59 ET
258,United States,https://www.interactivebrokers.com/en/index.php?f=2262&exch=Sierra,Mutual Funds,9:30 - 15:59 ET
259,United States,https://www.interactivebrokers.com/en/index.php?f=2262&exch=Silverpepper,Mutual Funds,9:30 - 15:59 ET
260,United States,https://www.interactivebrokers.com/en/index.php?f=2262&exch=Smead,Mutual Funds,9:30 - 15:59 ET
261,United States,https://www.interactivebrokers.com/en/index.php?f=2262&exch=Soundwatch,Mutual Funds,9:30 - 15:59 ET
262,United States,https://www.interactivebrokers.com/en/index.php?f=2262&exch=Sparrow,Mutual Funds,9:30 - 15:59 ET
263,United States,https://www.interactivebrokers.com/en/index.php?f=2262&exch=Sphere,Mutual Funds,9:30 - 15:59 ET
264,United States,https://www.interactivebrokers.com/en/index.php?f=2262&exch=Spyglass,Mutual Funds,9:30 - 15:59 ET
265,United States,https://www.interactivebrokers.com/en/index.php?f=2262&exch=Standpoint,Mutual Funds,9:30 - 15:59 ET
266,United States,https://www.interactivebrokers.com/en/index.php?f=2262&exch=Ssgafunds,Mutual Funds,9:30 - 15:59 ET
267,United States,https://www.interactivebrokers.com/en/index.php?f=2262&exch=Sterling,Mutual Funds,9:30 - 15:59 ET
268,United States,https://www.interactivebrokers.com/en/index.php?f=2262&exch=Stoneridge,Mutual Funds,9:30 - 15:59 ET
269,United States,https://www.interactivebrokers.com/en/index.php?f=2262&exch=Stonebridge,Mutual Funds,9:30 - 15:59 ET
270,United States,https://www.interactivebrokers.com/en/index.php?f=2262&exch=Swan,Mutual Funds,9:30 - 15:59 ET
271,United States,https://www.interactivebrokers.com/en/index.php?f=2262&exch=Trowe,Mutual Funds,9:30 - 15:59 ET
272,United States,https://www.interactivebrokers.com/en/index.php?f=2262&exch=Taylor,Mutual Funds,9:30 - 15:59 ET
273,United States,https://www.interactivebrokers.com/en/index.php?f=2262&exch=Tcw,Mutual Funds,9:30 - 15:59 ET
274,United States,https://www.interactivebrokers.com/en/index.php?f=2262&exch=Terrafirma,Mutual Funds,9:30 - 15:59 ET
275,United States,https://www.interactivebrokers.com/en/index.php?f=2262&exch=Advisors,Mutual Funds,9:30 - 15:59 ET
276,United States,https://www.interactivebrokers.com/en/index.php?f=2262&exch=Royce,Mutual Funds,9:30 - 15:59 ET
277,United States,https://www.interactivebrokers.com/en/index.php?f=2262&exch=Third,Mutual Funds,9:30 - 15:59 ET
278,United States,https://www.interactivebrokers.com/en/index.php?f=2262&exch=Thompson,Mutual Funds,9:30 - 15:59 ET
279,United States,https://www.interactivebrokers.com/en/index.php?f=2262&exch=Thornburg,Mutual Funds,9:30 - 15:59 ET
280,United States,https://www.interactivebrokers.com/en/index.php?f=2262&exch=Tiaa,Mutual Funds,9:30 - 15:59 ET
281,United States,https://www.interactivebrokers.com/en/index.php?f=2262&exch=Tocqueville,Mutual Funds,9:30 - 15:59 ET
282,United States,https://www.interactivebrokers.com/en/index.php?f=2262&exch=Toews,Mutual Funds,9:30 - 15:59 ET
283,United States,https://www.interactivebrokers.com/en/index.php?f=2262&exch=Transamerica,Mutual Funds,9:30 - 15:59 ET
284,United States,https://www.interactivebrokers.com/en/index.php?f=2262&exch=Usglobal,Mutual Funds,9:30 - 15:59 ET
285,United States,https://www.interactivebrokers.com/en/index.php?f=2262&exch=Usamutuals,Mutual Funds,9:30 - 15:59 ET
286,United States,https://www.interactivebrokers.com/en/index.php?f=2262&exch=Valueline,Mutual Funds,9:30 - 15:59 ET
287,United States,https://www.interactivebrokers.com/en/index.php?f=2262&exch=Van,Mutual Funds,9:30 - 15:59 ET
288,United States,https://www.interactivebrokers.com/en/index.php?f=2262&exch=Vanguard,Mutual Funds,9:30 - 15:59 ET
289,United States,https://www.interactivebrokers.com/en/index.php?f=2262&exch=Victory,Mutual Funds,9:30 - 15:59 ET
290,United States,https://www.interactivebrokers.com/en/index.php?f=2262&exch=Virtus,Mutual Funds,9:30 - 15:59 ET
291,United States,https://www.interactivebrokers.com/en/index.php?f=2262&exch=Vivaldi,Mutual Funds,9:30 - 15:59 ET
292,United States,https://www.interactivebrokers.com/en/index.php?f=2262&exch=Volumetric,Mutual Funds,9:30 - 15:59 ET
293,United States,https://www.interactivebrokers.com/en/index.php?f=2262&exch=Voya,Mutual Funds,9:30 - 15:59 ET
294,United States,https://www.interactivebrokers.com/en/index.php?f=2262&exch=Wasatch,Mutual Funds,9:30 - 15:59 ET
295,United States,https://www.interactivebrokers.com/en/index.php?f=2262&exch=Wavelength,Mutual Funds,9:30 - 15:59 ET
296,United States,https://www.interactivebrokers.com/en/index.php?f=2262&exch=Waycross ,Mutual Funds,9:30 - 15:59 ET
297,United States,https://www.interactivebrokers.com/en/index.php?f=2262&exch=Weiss,Mutual Funds,9:30 - 15:59 ET
298,United States,https://www.interactivebrokers.com/en/index.php?f=2262&exch=Weitz,Mutual Funds,9:30 - 15:59 ET
299,United States,https://www.interactivebrokers.com/en/index.php?f=2262&exch=Wellsfargo,Mutual Funds,9:30 - 15:59 ET
300,United States,https://www.interactivebrokers.com/en/index.php?f=2262&exch=Westwood,Mutual Funds,9:30 - 15:59 ET
301,United States,https://www.interactivebrokers.com/en/index.php?f=2262&exch=William,Mutual Funds,9:30 - 15:59 ET
302,United States,https://www.interactivebrokers.com/en/index.php?f=2262&exch=Winning,Mutual Funds,9:30 - 15:59 ET
303,United States,https://www.interactivebrokers.com/en/index.php?f=2262&exch=Worldfunds,Mutual Funds,9:30 - 15:59 ET
304,United States,https://www.interactivebrokers.com/en/index.php?f=2262&exch=Ycg,Mutual Funds,9:30 - 15:59 ET
305,United States,https://www.interactivebrokers.com/en/index.php?f=2262&exch=Api,Mutual Funds,9:30 - 15:59 ET
306,United States,https://www.interactivebrokers.com/en/index.php?f=2262&exch=Zacks,Mutual Funds,9:30 - 15:59 ET
307,United States,https://www.interactivebrokers.com/en/index.php?f=2262&exch=Zeo,Mutual Funds,9:30 - 15:59 ET
308,United States,https://www.interactivebrokers.com/en/index.php?f=2262&exch=Zevenbergen,Mutual Funds,9:30 - 15:59 ET
0,,https://www.interactivebrokers.com/en/index.php?f=2262&exch=Aberdeenlu,Mutual Funds,07:15 - 19:00 Mon - Fri CET
1,,https://www.interactivebrokers.com/en/index.php?f=2262&exch=Aberdeengb,Mutual Funds,07:15 - 19:00 Mon - Fri CET
2,,https://www.interactivebrokers.com/en/index.php?f=2262&exch=Adepa,Mutual Funds,07:15 - 19:00 Mon - Fri CET
3,,https://www.interactivebrokers.com/en/index.php?f=2262&exch=Alexander,Mutual Funds,07:15 - 19:00 Mon - Fri CET
4,,https://www.interactivebrokers.com/en/index.php?f=2262&exch=Algebris,Mutual Funds,07:15 - 19:00 Mon - Fri CET
5,,https://www.interactivebrokers.com/en/index.php?f=2262&exch=Allianceb,Mutual Funds,07:15 - 19:00 Mon - Fri CET
6,,https://www.interactivebrokers.com/en/index.php?f=2262&exch=Allianzgi,Mutual Funds,07:15 - 19:00 Mon - Fri CET
7,,https://www.interactivebrokers.com/en/index.php?f=2262&exch=Amundifr,Mutual Funds,07:15 - 19:00 Mon - Fri CET
8,,https://www.interactivebrokers.com/en/index.php?f=2262&exch=Amundilu,Mutual Funds,07:15 - 19:00 Mon - Fri CET
9,,https://www.interactivebrokers.com/en/index.php?f=2262&exch=Andbanklu,Mutual Funds,07:15 - 19:00 Mon - Fri CET
10,,https://www.interactivebrokers.com/en/index.php?f=2262&exch=Auriga,Mutual Funds,07:15 - 19:00 Mon - Fri CET
11,,https://www.interactivebrokers.com/en/index.php?f=2262&exch=Bailliegb,Mutual Funds,07:15 - 19:00 Mon - Fri CET
12,,https://www.interactivebrokers.com/en/index.php?f=2262&exch=Bagiffie,Mutual Funds,07:15 - 19:00 Mon - Fri CET
13,,https://www.interactivebrokers.com/en/index.php?f=2262&exch=Bank,Mutual Funds,07:15 - 19:00 Mon - Fri CET
14,,https://www.interactivebrokers.com/en/index.php?f=2262&exch=Baringie,Mutual Funds,07:15 - 19:00 Mon - Fri CET
15,,https://www.interactivebrokers.com/en/index.php?f=2262&exch=Belgravelu,Mutual Funds,07:15 - 19:00 Mon - Fri CET
16,,https://www.interactivebrokers.com/en/index.php?f=2262&exch=Birlaie,Mutual Funds,07:15 - 19:00 Mon - Fri CET
17,,https://www.interactivebrokers.com/en/index.php?f=2262&exch=Blackrockg,Mutual Funds,07:15 - 19:00 Mon - Fri CET
18,,https://www.interactivebrokers.com/en/index.php?f=2262&exch=Bluebaylu,Mutual Funds,07:15 - 19:00 Mon - Fri CET
19,,https://www.interactivebrokers.com/en/index.php?f=2262&exch=Blueboxlu,Mutual Funds,07:15 - 19:00 Mon - Fri CET
20,,https://www.interactivebrokers.com/en/index.php?f=2262&exch=Bnplu,Mutual Funds,07:15 - 19:00 Mon - Fri CET
21,,https://www.interactivebrokers.com/en/index.php?f=2262&exch=Bnp,Mutual Funds,07:15 - 19:00 Mon - Fri CET
22,,https://www.interactivebrokers.com/en/index.php?f=2262&exch=Brownie,Mutual Funds,07:15 - 19:00 Mon - Fri CET
23,,https://www.interactivebrokers.com/en/index.php?f=2262&exch=Btg,Mutual Funds,07:15 - 19:00 Mon - Fri CET
24,,https://www.interactivebrokers.com/en/index.php?f=2262&exch=Candriamlu,Mutual Funds,07:15 - 19:00 Mon - Fri CET
25,,https://www.interactivebrokers.com/en/index.php?f=2262&exch=Capitallu,Mutual Funds,07:15 - 19:00 Mon - Fri CET
26,,https://www.interactivebrokers.com/en/index.php?f=2262&exch=Carmignac,Mutual Funds,07:15 - 19:00 Mon - Fri CET
27,,https://www.interactivebrokers.com/en/index.php?f=2262&exch=Colchesterie,Mutual Funds,07:15 - 19:00 Mon - Fri CET
28,,https://www.interactivebrokers.com/en/index.php?f=2262&exch=Columbiainv,Mutual Funds,07:15 - 19:00 Mon - Fri CET
29,,https://www.interactivebrokers.com/en/index.php?f=2262&exch=Cullenie,Mutual Funds,07:15 - 19:00 Mon - Fri CET
30,,https://www.interactivebrokers.com/en/index.php?f=2262&exch=Dfa,Mutual Funds,07:15 - 19:00 Mon - Fri CET
31,,https://www.interactivebrokers.com/en/index.php?f=2262&exch=Dnbno,Mutual Funds,07:15 - 19:00 Mon - Fri CET
32,,https://www.interactivebrokers.com/en/index.php?f=2262&exch=Dws,Mutual Funds,07:15 - 19:00 Mon - Fri CET
33,,https://www.interactivebrokers.com/en/index.php?f=2262&exch=Dwslu,Mutual Funds,07:15 - 19:00 Mon - Fri CET
34,,https://www.interactivebrokers.com/en/index.php?f=2262&exch=Eagleie,Mutual Funds,07:15 - 19:00 Mon - Fri CET
35,,https://www.interactivebrokers.com/en/index.php?f=2262&exch=Eastspringlu,Mutual Funds,07:15 - 19:00 Mon - Fri CET
36,,https://www.interactivebrokers.com/en/index.php?f=2262&exch=Edmondlu,Mutual Funds,07:15 - 19:00 Mon - Fri CET
37,,https://www.interactivebrokers.com/en/index.php?f=2262&exch=Efg,Mutual Funds,07:15 - 19:00 Mon - Fri CET
38,,https://www.interactivebrokers.com/en/index.php?f=2262&exch=Ersteat,Mutual Funds,07:15 - 19:00 Mon - Fri CET
39,,https://www.interactivebrokers.com/en/index.php?f=2262&exch=Eurofunds,Mutual Funds,07:15 - 19:00 Mon - Fri CET
40,,https://www.interactivebrokers.com/en/index.php?f=2262&exch=Federatedie,Mutual Funds,07:15 - 19:00 Mon - Fri CET
41,,https://www.interactivebrokers.com/en/index.php?f=2262&exch=Finservese,Mutual Funds,07:15 - 19:00 Mon - Fri CET
42,,https://www.interactivebrokers.com/en/index.php?f=2262&exch=Firstsentierie,Mutual Funds,07:15 - 19:00 Mon - Fri CET
43,,https://www.interactivebrokers.com/en/index.php?f=2262&exch=Fischlu,Mutual Funds,07:15 - 19:00 Mon - Fri CET
44,,https://www.interactivebrokers.com/en/index.php?f=2262&exch=Franklinadv,Mutual Funds,07:15 - 19:00 Mon - Fri CET
45,,https://www.interactivebrokers.com/en/index.php?f=2262&exch=Franklino,Mutual Funds,07:15 - 19:00 Mon - Fri CET
46,,https://www.interactivebrokers.com/en/index.php?f=2262&exch=Fundsmithgb,Mutual Funds,07:15 - 19:00 Mon - Fri CET
47,,https://www.interactivebrokers.com/en/index.php?f=2262&exch=Gamie,Mutual Funds,07:15 - 19:00 Mon - Fri CET
48,,https://www.interactivebrokers.com/en/index.php?f=2262&exch=Gamgb,Mutual Funds,07:15 - 19:00 Mon - Fri CET
49,,https://www.interactivebrokers.com/en/index.php?f=2262&exch=Gamlu,Mutual Funds,07:15 - 19:00 Mon - Fri CET
50,,https://www.interactivebrokers.com/en/index.php?f=2262&exch=Guinnessie,Mutual Funds,9:00 - 20:00 CET
51,,https://www.interactivebrokers.com/en/index.php?f=2262&exch=Htwoo,Mutual Funds,07:15 - 19:00 Mon - Fri CET
52,,https://www.interactivebrokers.com/en/index.php?f=2262&exch=Harborlu,Mutual Funds,07:15 - 19:00 Mon - Fri CET
53,,https://www.interactivebrokers.com/en/index.php?f=2262&exch=Harvestlu,Mutual Funds,07:15 - 19:00 Mon - Fri CET
54,,https://www.interactivebrokers.com/en/index.php?f=2262&exch=Henderson,Mutual Funds,07:15 - 19:00 Mon - Fri CET
55,,https://www.interactivebrokers.com/en/index.php?f=2262&exch=Heptagonie,Mutual Funds,07:15 - 19:00 Mon - Fri CET
56,,https://www.interactivebrokers.com/en/index.php?f=2262&exch=Ifslie,Mutual Funds,07:15 - 19:00 Mon - Fri CET
57,,https://www.interactivebrokers.com/en/index.php?f=2262&exch=Invescog,Mutual Funds,07:15 - 19:00 Mon - Fri CET
58,,https://www.interactivebrokers.com/en/index.php?f=2262&exch=Investec,Mutual Funds,07:15 - 19:00 Mon - Fri CET
59,,https://www.interactivebrokers.com/en/index.php?f=2262&exch=Janusg,Mutual Funds,07:15 - 19:00 Mon - Fri CET
60,,https://www.interactivebrokers.com/en/index.php?f=2262&exch=Jupiterie,Mutual Funds,07:15 - 19:00 Mon - Fri CET
61,,https://www.interactivebrokers.com/en/index.php?f=2262&exch=Kotaklu,Mutual Funds,07:15 - 19:00 Mon - Fri CET
62,,https://www.interactivebrokers.com/en/index.php?f=2262&exch=Lazardfr,Mutual Funds,07:15 - 19:00 Mon - Fri CET
63,,https://www.interactivebrokers.com/en/index.php?f=2262&exch=Lazardie,Mutual Funds,07:15 - 19:00 Mon - Fri CET
64,,https://www.interactivebrokers.com/en/index.php?f=2262&exch=Leggie,Mutual Funds,07:15 - 19:00 Mon - Fri CET
65,,https://www.interactivebrokers.com/en/index.php?f=2262&exch=Lombardlu,Mutual Funds,07:15 - 19:00 Mon - Fri CET
66,,https://www.interactivebrokers.com/en/index.php?f=2262&exch=Lordie,Mutual Funds,07:15 - 19:00 Mon - Fri CET
67,,https://www.interactivebrokers.com/en/index.php?f=2262&exch=Lyxorie,Mutual Funds,07:15 - 19:00 Mon - Fri CET
68,,https://www.interactivebrokers.com/en/index.php?f=2262&exch=Mggb,Mutual Funds,07:15 - 19:00 Mon - Fri CET
69,,https://www.interactivebrokers.com/en/index.php?f=2262&exch=Merian,Mutual Funds,07:15 - 19:00 Mon - Fri CET
70,,https://www.interactivebrokers.com/en/index.php?f=2262&exch=Mfs,Mutual Funds,07:15 - 19:00 Mon - Fri CET
71,,https://www.interactivebrokers.com/en/index.php?f=2262&exch=Morganstanleylu,Mutual Funds,07:15 - 19:00 Mon - Fri CET
72,,https://www.interactivebrokers.com/en/index.php?f=2262&exch=Muzinich,Mutual Funds,07:15 - 19:00 Mon - Fri CET
73,,https://www.interactivebrokers.com/en/index.php?f=2262&exch=Natixisfr,Mutual Funds,07:15 - 19:00 Mon - Fri CET
74,,https://www.interactivebrokers.com/en/index.php?f=2262&exch=Natixisie,Mutual Funds,07:15 - 19:00 Mon - Fri CET
75,,https://www.interactivebrokers.com/en/index.php?f=2262&exch=Natixislu,Mutual Funds,07:15 - 19:00 Mon - Fri CET
76,,https://www.interactivebrokers.com/en/index.php?f=2262&exch=Neubergereu,Mutual Funds,07:15 - 19:00 Mon - Fri CET
77,,https://www.interactivebrokers.com/en/index.php?f=2262&exch=Nikkolu,Mutual Funds,07:15 - 19:00 Mon - Fri CET
78,,https://www.interactivebrokers.com/en/index.php?f=2262&exch=Ninety,Mutual Funds,07:15 - 19:00 Mon - Fri CET
79,,https://www.interactivebrokers.com/en/index.php?f=2262&exch=Nomuraie,Mutual Funds,07:15 - 19:00 Mon - Fri CET
80,,https://www.interactivebrokers.com/en/index.php?f=2262&exch=Nordealu,Mutual Funds,07:15 - 19:00 Mon - Fri CET
81,,https://www.interactivebrokers.com/en/index.php?f=2262&exch=Pareturnlu,Mutual Funds,07:15 - 19:00 Mon - Fri CET
82,,https://www.interactivebrokers.com/en/index.php?f=2262&exch=Pharuslu,Mutual Funds,07:15 - 19:00 Mon - Fri CET
83,,https://www.interactivebrokers.com/en/index.php?f=2262&exch=Picteteu,Mutual Funds,07:15 - 19:00 Mon - Fri CET
84,,https://www.interactivebrokers.com/en/index.php?f=2262&exch=Pictetgb,Mutual Funds,07:15 - 19:00 Mon - Fri CET
85,,https://www.interactivebrokers.com/en/index.php?f=2262&exch=Pimcog,Mutual Funds,07:15 - 19:00 Mon - Fri CET
86,,https://www.interactivebrokers.com/en/index.php?f=2262&exch=Pinebridgeie,Mutual Funds,07:15 - 19:00 Mon - Fri CET
87,,https://www.interactivebrokers.com/en/index.php?f=2262&exch=Polenie,Mutual Funds,07:15 - 19:00 Mon - Fri CET
88,,https://www.interactivebrokers.com/en/index.php?f=2262&exch=Principalie,Mutual Funds,07:15 - 19:00 Mon - Fri CET
89,,https://www.interactivebrokers.com/en/index.php?f=2262&exch=Robeco,Mutual Funds,07:15 - 19:00 Mon - Fri CET
90,,https://www.interactivebrokers.com/en/index.php?f=2262&exch=Rolinco,Mutual Funds,07:15 - 19:00 Mon - Fri CET
91,,https://www.interactivebrokers.com/en/index.php?f=2262&exch=Rorento,Mutual Funds,07:15 - 19:00 Mon - Fri CET
92,,https://www.interactivebrokers.com/en/index.php?f=2262&exch=Rwcpartnerslu,Mutual Funds,07:15 - 19:00 Mon - Fri CET
93,,https://www.interactivebrokers.com/en/index.php?f=2262&exch=Sandscapitalie,Mutual Funds,07:15 - 19:00 Mon - Fri CET
94,,https://www.interactivebrokers.com/en/index.php?f=2262&exch=Sanlam,Mutual Funds,07:15 - 19:00 Mon - Fri CET
95,,https://www.interactivebrokers.com/en/index.php?f=2262&exch=Schroders,Mutual Funds,07:15 - 19:00 Mon - Fri CET
96,,https://www.interactivebrokers.com/en/index.php?f=2262&exch=Sialu,Mutual Funds,07:15 - 19:00 Mon - Fri CET
97,,https://www.interactivebrokers.com/en/index.php?f=2262&exch=Standardlifegb,Mutual Funds,07:15 - 19:00 Mon - Fri CET
98,,https://www.interactivebrokers.com/en/index.php?f=2262&exch=Sustainablelu,Mutual Funds,07:15 - 19:00 Mon - Fri CET
99,,https://www.interactivebrokers.com/en/index.php?f=2262&exch=Swisscantolu,Mutual Funds,07:15 - 19:00 Mon - Fri CET
100,,https://www.interactivebrokers.com/en/index.php?f=2262&exch=Trowelu,Mutual Funds,07:15 - 19:00 Mon - Fri CET
101,,https://www.interactivebrokers.com/en/index.php?f=2262&exch=Tcwlu,Mutual Funds,07:15 - 19:00 Mon - Fri CET
102,,https://www.interactivebrokers.com/en/index.php?f=2262&exch=Thornburgie,Mutual Funds,07:15 - 19:00 Mon - Fri CET
103,,https://www.interactivebrokers.com/en/index.php?f=2262&exch=Ubslu,Mutual Funds,07:15 - 19:00 Mon - Fri CET
104,,https://www.interactivebrokers.com/en/index.php?f=2262&exch=Vanguardie,Mutual Funds,07:15 - 19:00 Mon - Fri CET
105,,https://www.interactivebrokers.com/en/index.php?f=2262&exch=Vanguarduk,Mutual Funds,07:15 - 19:00 Mon - Fri CET
106,,https://www.interactivebrokers.com/en/index.php?f=2262&exch=Virtusie,Mutual Funds,9:30 - 15:59 ET
107,,https://www.interactivebrokers.com/en/index.php?f=2262&exch=Vontobellu,Mutual Funds,07:15 - 19:00 Mon - Fri CET
108,,https://www.interactivebrokers.com/en/index.php?f=2262&exch=Vontobelch,Mutual Funds,07:15 - 19:00 Mon - Fri CET
109,,https://www.interactivebrokers.com/en/index.php?f=2262&exch=Wellingtonie,Mutual Funds,07:15 - 19:00 Mon - Fri CET
110,,https://www.interactivebrokers.com/en/index.php?f=2262&exch=Wellingtonlu,Mutual Funds,07:15 - 19:00 Mon - Fri CET
111,,https://www.interactivebrokers.com/en/index.php?f=2262&exch=Welzialu,Mutual Funds,07:15 - 19:00 Mon - Fri CET
112,,https://www.interactivebrokers.com/en/index.php?f=2262&exch=Whiteoakie,Mutual Funds,07:15 - 19:00 Mon - Fri CET
